disaster_type,disaster_type_code,people_affected,injured,missing,immediate_help_required,damage_level,damage_level_code,infrastructure_damage,property_damage,severity,severity_code
Cyclone,1,799,252,61,330,Critical,4,1,1,CRITICAL,3
Fire,3,29,7,1,9,Critical,4,1,1,CRITICAL,3
Cyclone,1,233,18,4,16,Low,1,0,1,CRITICAL,3
Flood,0,71,17,1,22,High,3,1,1,CRITICAL,3
Flood,0,24,7,1,5,Critical,4,1,1,CRITICAL,3
Flood,0,79,21,3,23,High,3,1,1,CRITICAL,3
Flood,0,361,50,18,79,Medium,2,1,1,CRITICAL,3
Fire,3,46,3,1,8,Medium,2,0,1,HIGH,2
Landslide,4,64,12,3,16,High,3,1,1,CRITICAL,3
Flood,0,142,11,8,31,Medium,2,1,1,CRITICAL,3
Landslide,4,14,5,2,4,High,3,1,1,HIGH,2
Flood,0,143,37,7,38,High,3,1,1,CRITICAL,3
Flood,0,180,42,15,55,High,3,1,1,CRITICAL,3
Landslide,4,28,2,3,7,Medium,2,1,1,HIGH,2
Accident,5,60,12,2,8,Medium,2,0,1,CRITICAL,3
Accident,5,20,4,2,0,Medium,2,1,1,HIGH,2
Earthquake,2,108,31,5,32,High,3,1,1,CRITICAL,3
Other,6,10,0,3,1,Medium,2,1,1,HIGH,2
Earthquake,2,44,11,2,17,Critical,4,1,1,CRITICAL,3
Other,6,12,0,0,2,Low,1,0,1,MEDIUM,1
Other,6,16,1,0,3,Low,1,0,1,MEDIUM,1
Flood,0,333,65,19,102,High,3,1,1,CRITICAL,3
Fire,3,125,41,14,54,Critical,4,1,1,CRITICAL,3
Fire,3,206,39,9,50,Medium,2,0,1,CRITICAL,3
Cyclone,1,205,44,10,60,High,3,1,1,CRITICAL,3
Fire,3,169,26,7,29,Medium,2,1,1,CRITICAL,3
Fire,3,188,48,12,50,High,3,1,1,CRITICAL,3
Other,6,76,17,2,16,Medium,2,1,1,CRITICAL,3
Other,6,15,2,0,0,Low,1,0,1,MEDIUM,1
Accident,5,43,2,1,3,Low,1,0,0,HIGH,2
Cyclone,1,141,35,7,33,High,3,1,1,CRITICAL,3
Earthquake,2,223,31,4,46,Medium,2,0,1,CRITICAL,3
Other,6,64,1,2,5,Low,1,0,0,HIGH,2
Earthquake,2,415,123,34,157,Critical,4,1,1,CRITICAL,3
Flood,0,918,209,65,250,High,3,1,1,CRITICAL,3
Landslide,4,117,13,2,9,Low,1,0,0,CRITICAL,3
Flood,0,686,199,56,267,Critical,4,1,1,CRITICAL,3
Flood,0,45,15,3,14,Critical,4,1,1,CRITICAL,3
Earthquake,2,197,45,17,50,High,3,1,1,CRITICAL,3
Earthquake,2,242,32,4,47,Medium,2,1,1,CRITICAL,3
Flood,0,52,7,3,14,High,3,1,1,CRITICAL,3
Fire,3,49,5,0,2,Low,1,0,1,HIGH,2
Fire,3,172,35,7,35,Medium,2,1,1,CRITICAL,3
Accident,5,36,7,2,4,Medium,2,1,1,HIGH,2
Earthquake,2,463,71,26,104,Medium,2,1,1,CRITICAL,3
Fire,3,79,17,3,22,High,3,1,1,CRITICAL,3
Fire,3,135,25,14,31,High,3,1,1,CRITICAL,3
Earthquake,2,75,25,3,24,Critical,4,1,1,CRITICAL,3
Other,6,15,2,2,5,High,3,1,1,HIGH,2
Cyclone,1,330,84,33,127,Critical,4,1,1,CRITICAL,3
Flood,0,182,22,8,35,Medium,2,0,1,CRITICAL,3
Other,6,13,2,0,4,Low,1,0,0,MEDIUM,1
Fire,3,297,46,22,67,Medium,2,0,1,CRITICAL,3
Flood,0,272,56,24,69,High,3,1,1,CRITICAL,3
Landslide,4,106,24,10,51,Critical,4,1,1,CRITICAL,3
Flood,0,43,13,8,16,Critical,4,1,1,CRITICAL,3
Fire,3,67,24,5,26,Critical,4,1,1,CRITICAL,3
Cyclone,1,24,5,2,10,High,3,1,1,CRITICAL,3
Fire,3,114,35,6,56,Critical,4,1,1,CRITICAL,3
Flood,0,314,21,2,23,Low,1,0,0,CRITICAL,3
Landslide,4,87,16,4,21,Medium,2,1,1,CRITICAL,3
Fire,3,333,79,26,102,High,3,1,1,CRITICAL,3
Landslide,4,64,16,5,19,High,3,1,1,CRITICAL,3
Landslide,4,138,33,6,41,High,3,1,1,CRITICAL,3
Flood,0,61,11,3,23,High,3,1,1,CRITICAL,3
Earthquake,2,298,93,16,126,Critical,4,1,1,CRITICAL,3
Cyclone,1,579,138,31,187,High,3,1,1,CRITICAL,3
Accident,5,5,0,0,0,Low,1,0,1,LOW,0
Cyclone,1,204,11,2,22,Low,1,0,1,CRITICAL,3
Fire,3,21,3,0,3,Medium,2,0,1,HIGH,2
Flood,0,140,11,2,12,Low,1,0,1,CRITICAL,3
Cyclone,1,283,21,6,32,Low,1,0,1,CRITICAL,3
Flood,0,93,29,6,33,Critical,4,1,1,CRITICAL,3
Accident,5,5,0,0,0,Low,1,0,0,LOW,0
Flood,0,574,124,33,193,High,3,1,1,CRITICAL,3
Landslide,4,48,13,4,15,High,3,1,1,CRITICAL,3
Earthquake,2,464,72,18,98,Medium,2,1,1,CRITICAL,3
Cyclone,1,232,70,17,97,Critical,4,1,1,CRITICAL,3
Earthquake,2,100,27,9,45,Critical,4,1,1,CRITICAL,3
Earthquake,2,166,30,8,38,Medium,2,1,1,CRITICAL,3
Landslide,4,140,17,8,30,Medium,2,1,1,CRITICAL,3
Cyclone,1,553,125,43,175,High,3,1,1,CRITICAL,3
Fire,3,51,8,4,11,Medium,2,0,1,CRITICAL,3
Accident,5,37,3,3,7,Medium,2,1,1,HIGH,2
Fire,3,511,73,13,117,Medium,2,1,1,CRITICAL,3
Flood,0,496,117,29,147,High,3,1,1,CRITICAL,3
Flood,0,268,62,13,64,High,3,1,1,CRITICAL,3
Earthquake,2,201,31,11,51,Medium,2,1,1,CRITICAL,3
Accident,5,46,9,1,9,High,3,1,1,CRITICAL,3
Flood,0,473,93,33,129,High,3,1,1,CRITICAL,3
Accident,5,29,4,2,4,Medium,2,1,1,HIGH,2
Fire,3,30,10,1,8,High,3,1,1,CRITICAL,3
Fire,3,60,7,0,6,Low,1,0,0,HIGH,2
Flood,0,126,30,2,30,High,3,1,1,CRITICAL,3
Other,6,21,1,0,3,Low,1,0,1,MEDIUM,1
Earthquake,2,278,56,20,88,High,3,1,1,CRITICAL,3
Earthquake,2,170,50,9,72,Critical,4,1,1,CRITICAL,3
Accident,5,23,0,1,3,Low,1,0,0,MEDIUM,1
Flood,0,77,14,1,17,Medium,2,0,1,CRITICAL,3
Flood,0,87,23,9,33,High,3,1,1,CRITICAL,3
Flood,0,152,7,2,8,Low,1,0,0,CRITICAL,3
Fire,3,46,15,3,22,Critical,4,1,1,CRITICAL,3
Cyclone,1,32,7,2,9,High,3,1,1,CRITICAL,3
Cyclone,1,767,220,60,308,Critical,4,1,1,CRITICAL,3
Fire,3,51,6,4,5,Low,1,0,0,HIGH,2
Cyclone,1,26,8,1,4,High,3,1,1,CRITICAL,3
Earthquake,2,188,18,5,39,Medium,2,1,1,CRITICAL,3
Earthquake,2,126,21,2,26,Medium,2,0,1,CRITICAL,3
Cyclone,1,125,38,10,53,Critical,4,1,1,CRITICAL,3
Flood,0,115,26,6,50,Critical,4,1,1,CRITICAL,3
Earthquake,2,349,73,25,102,High,3,1,1,CRITICAL,3
Fire,3,48,20,5,21,Critical,4,1,1,CRITICAL,3
Earthquake,2,42,14,5,18,Critical,4,1,1,CRITICAL,3
Fire,3,177,47,8,63,Critical,4,1,1,CRITICAL,3
Cyclone,1,43,10,4,13,Medium,2,0,1,CRITICAL,3
Accident,5,57,9,3,10,Medium,2,1,1,CRITICAL,3
Earthquake,2,587,130,37,179,High,3,1,1,CRITICAL,3
Fire,3,184,60,24,72,Critical,4,1,1,CRITICAL,3
Cyclone,1,717,53,8,76,Low,1,0,0,CRITICAL,3
Cyclone,1,67,17,0,20,High,3,1,1,CRITICAL,3
Cyclone,1,501,76,30,106,Medium,2,1,1,CRITICAL,3
Flood,0,789,59,22,83,Low,1,0,0,CRITICAL,3
Other,6,11,1,1,2,High,3,1,1,HIGH,2
Flood,0,166,28,6,27,Medium,2,1,1,CRITICAL,3
Accident,5,171,13,3,28,Low,1,0,1,CRITICAL,3
Earthquake,2,272,56,21,86,High,3,1,1,CRITICAL,3
Accident,5,105,7,4,12,Low,1,0,0,CRITICAL,3
Cyclone,1,10,1,1,0,Low,1,0,1,MEDIUM,1
Other,6,14,2,1,2,Medium,2,1,1,HIGH,2
Fire,3,31,10,1,7,High,3,1,1,CRITICAL,3
Flood,0,150,39,12,53,High,3,1,1,CRITICAL,3
Cyclone,1,375,29,9,41,Low,1,0,0,CRITICAL,3
Cyclone,1,249,44,12,51,Medium,2,1,1,CRITICAL,3
Flood,0,728,234,50,292,Critical,4,1,1,CRITICAL,3
Fire,3,50,14,6,18,Critical,4,1,1,CRITICAL,3
Flood,0,81,23,6,30,Critical,4,1,1,CRITICAL,3
Fire,3,22,3,0,9,High,3,1,1,HIGH,2
Other,6,13,3,1,3,High,3,1,1,HIGH,2
Cyclone,1,1038,219,68,312,High,3,1,1,CRITICAL,3
Flood,0,72,24,6,24,Critical,4,1,1,CRITICAL,3
Flood,0,641,109,27,113,Medium,2,1,1,CRITICAL,3
Flood,0,69,13,6,19,High,3,1,1,CRITICAL,3
Earthquake,2,24,5,4,8,High,3,1,1,CRITICAL,3
Fire,3,142,29,5,39,High,3,1,1,CRITICAL,3
Flood,0,198,28,10,34,Medium,2,0,1,CRITICAL,3
Cyclone,1,978,223,61,300,High,3,1,1,CRITICAL,3
Flood,0,731,154,55,221,High,3,1,1,CRITICAL,3
Fire,3,95,23,6,31,High,3,1,1,CRITICAL,3
Flood,0,42,9,3,11,High,3,1,1,CRITICAL,3
Earthquake,2,373,116,26,136,Critical,4,1,1,CRITICAL,3
Fire,3,21,3,2,5,Medium,2,1,1,HIGH,2
Earthquake,2,154,43,13,64,Critical,4,1,1,CRITICAL,3
Cyclone,1,181,49,19,73,Critical,4,1,1,CRITICAL,3
Other,6,10,0,0,1,Low,1,0,1,MEDIUM,1
Fire,3,94,13,8,16,Medium,2,1,1,CRITICAL,3
Cyclone,1,411,133,32,174,Critical,4,1,1,CRITICAL,3
Landslide,4,66,21,3,18,High,3,1,1,CRITICAL,3
Cyclone,1,273,62,17,70,High,3,1,1,CRITICAL,3
Other,6,8,0,0,2,High,3,1,1,HIGH,2
Accident,5,12,2,0,2,Medium,2,1,1,HIGH,2
Flood,0,130,42,9,54,Critical,4,1,1,CRITICAL,3
Fire,3,282,64,24,82,High,3,1,1,CRITICAL,3
Other,6,28,5,2,6,Medium,2,0,1,HIGH,2
Accident,5,36,9,3,8,Medium,2,1,1,CRITICAL,3
Cyclone,1,53,15,8,18,High,3,1,1,CRITICAL,3
Flood,0,100,29,7,38,Critical,4,1,1,CRITICAL,3
Flood,0,114,26,6,30,High,3,1,1,CRITICAL,3
Flood,0,263,58,16,91,High,3,1,1,CRITICAL,3
Cyclone,1,157,36,8,55,High,3,1,1,CRITICAL,3
Accident,5,11,1,0,2,Medium,2,0,1,MEDIUM,1
Flood,0,271,74,20,123,Critical,4,1,1,CRITICAL,3
Earthquake,2,80,12,4,12,Medium,2,1,1,CRITICAL,3
Cyclone,1,831,72,17,86,Low,1,0,1,CRITICAL,3
Earthquake,2,255,29,9,48,Medium,2,0,1,CRITICAL,3
Landslide,4,55,19,2,21,Critical,4,1,1,CRITICAL,3
Flood,0,115,37,4,42,Critical,4,1,1,CRITICAL,3
Cyclone,1,254,71,19,103,Critical,4,1,1,CRITICAL,3
Fire,3,408,107,41,159,Critical,4,1,1,CRITICAL,3
Fire,3,43,5,0,9,Medium,2,0,1,HIGH,2
Landslide,4,43,7,2,7,Medium,2,0,1,CRITICAL,3
Flood,0,61,14,5,18,High,3,1,1,CRITICAL,3
Flood,0,246,73,19,106,Critical,4,1,1,CRITICAL,3
Cyclone,1,1000,299,70,407,Critical,4,1,1,CRITICAL,3
Fire,3,15,5,1,4,Critical,4,1,1,CRITICAL,3
Flood,0,58,8,0,16,Medium,2,1,1,CRITICAL,3
Cyclone,1,153,42,12,64,Critical,4,1,1,CRITICAL,3
Fire,3,100,34,10,45,Critical,4,1,1,CRITICAL,3
Earthquake,2,53,13,2,15,Medium,2,1,1,CRITICAL,3
Earthquake,2,129,30,10,38,High,3,1,1,CRITICAL,3
Cyclone,1,77,2,0,13,Low,1,0,1,CRITICAL,3
Other,6,29,9,1,11,High,3,1,1,CRITICAL,3
Flood,0,10,1,0,4,High,3,1,1,HIGH,2
Earthquake,2,29,9,1,11,Critical,4,1,1,CRITICAL,3
Flood,0,51,8,4,10,High,3,1,1,CRITICAL,3
Earthquake,2,1449,221,61,290,Medium,2,0,1,CRITICAL,3
Flood,0,131,9,2,6,Low,1,0,0,CRITICAL,3
Landslide,4,19,3,2,6,High,3,1,1,HIGH,2
Flood,0,52,8,3,15,High,3,1,1,CRITICAL,3
Landslide,4,35,4,0,4,Low,1,0,1,HIGH,2
Fire,3,168,45,11,57,High,3,1,1,CRITICAL,3
Landslide,4,32,9,2,9,High,3,1,1,CRITICAL,3
Earthquake,2,85,6,0,10,Low,1,0,1,CRITICAL,3
Fire,3,29,7,3,6,High,3,1,1,CRITICAL,3
Flood,0,221,52,16,69,High,3,1,1,CRITICAL,3
Fire,3,126,5,6,11,Low,1,0,1,CRITICAL,3
Fire,3,57,3,0,3,Low,1,0,1,HIGH,2
Earthquake,2,579,164,47,222,Critical,4,1,1,CRITICAL,3
Flood,0,134,34,6,39,High,3,1,1,CRITICAL,3
Accident,5,65,11,1,20,Medium,2,1,1,CRITICAL,3
Fire,3,27,5,0,6,Medium,2,1,1,HIGH,2
Flood,0,320,107,24,127,Critical,4,1,1,CRITICAL,3
Fire,3,98,24,9,31,High,3,1,1,CRITICAL,3
Landslide,4,24,7,2,10,High,3,1,1,CRITICAL,3
Cyclone,1,99,20,7,34,High,3,1,1,CRITICAL,3
Fire,3,110,25,1,39,High,3,1,1,CRITICAL,3
Fire,3,21,6,2,8,High,3,1,1,CRITICAL,3
Earthquake,2,182,44,12,52,High,3,1,1,CRITICAL,3
Flood,0,94,7,2,10,Low,1,0,0,CRITICAL,3
Fire,3,70,5,2,8,Low,1,0,0,HIGH,2
Cyclone,1,275,19,7,30,Low,1,0,1,CRITICAL,3
Earthquake,2,185,31,5,44,Medium,2,1,1,CRITICAL,3
Landslide,4,128,28,8,44,High,3,1,1,CRITICAL,3
Earthquake,2,472,141,35,196,Critical,4,1,1,CRITICAL,3
Fire,3,232,70,23,103,Critical,4,1,1,CRITICAL,3
Landslide,4,55,13,1,21,High,3,1,1,CRITICAL,3
Accident,5,49,8,3,11,High,3,1,1,CRITICAL,3
Landslide,4,90,5,0,4,Low,1,0,0,HIGH,2
Cyclone,1,400,66,19,75,Medium,2,0,1,CRITICAL,3
Flood,0,617,146,35,178,High,3,1,1,CRITICAL,3
Other,6,11,1,0,1,Medium,2,1,1,MEDIUM,1
Other,6,7,0,0,2,Low,1,0,1,MEDIUM,1
Earthquake,2,68,16,6,21,High,3,1,1,CRITICAL,3
Fire,3,23,3,3,9,High,3,1,1,CRITICAL,3
Fire,3,66,17,3,23,High,3,1,1,CRITICAL,3
Flood,0,149,14,2,12,Low,1,0,0,CRITICAL,3
Cyclone,1,379,23,9,39,Low,1,0,1,CRITICAL,3
Fire,3,129,5,2,18,Low,1,0,1,CRITICAL,3
Earthquake,2,54,15,6,28,Critical,4,1,1,CRITICAL,3
Flood,0,213,54,11,62,High,3,1,1,CRITICAL,3
Accident,5,34,7,1,9,Medium,2,1,1,CRITICAL,3
Cyclone,1,1063,231,61,350,High,3,1,1,CRITICAL,3
Flood,0,356,119,31,134,Critical,4,1,1,CRITICAL,3
Other,6,43,3,0,11,Medium,2,0,1,HIGH,2
Cyclone,1,939,265,76,386,Critical,4,1,1,CRITICAL,3
Earthquake,2,472,111,21,159,High,3,1,1,CRITICAL,3
Flood,0,264,58,15,73,High,3,1,1,CRITICAL,3
Cyclone,1,321,68,30,97,High,3,1,1,CRITICAL,3
Cyclone,1,545,111,46,169,High,3,1,1,CRITICAL,3
Accident,5,37,6,0,7,Medium,2,0,1,HIGH,2
Accident,5,26,5,1,1,Medium,2,0,1,HIGH,2
Flood,0,873,250,56,354,Critical,4,1,1,CRITICAL,3
Accident,5,9,0,0,0,Low,1,0,1,MEDIUM,1
Cyclone,1,474,61,24,99,Medium,2,1,1,CRITICAL,3
Fire,3,78,11,2,18,Medium,2,1,1,CRITICAL,3
Fire,3,29,4,0,12,High,3,1,1,CRITICAL,3
Fire,3,166,44,9,65,Critical,4,1,1,CRITICAL,3
Flood,0,71,17,5,19,High,3,1,1,CRITICAL,3
Earthquake,2,53,22,3,19,Critical,4,1,1,CRITICAL,3
Earthquake,2,1043,230,66,311,High,3,1,1,CRITICAL,3
Cyclone,1,922,220,61,286,High,3,1,1,CRITICAL,3
Accident,5,9,0,0,2,Low,1,0,1,MEDIUM,1
Earthquake,2,131,23,9,38,High,3,1,1,CRITICAL,3
Earthquake,2,535,113,41,155,High,3,1,1,CRITICAL,3
Cyclone,1,348,94,20,146,Critical,4,1,1,CRITICAL,3
Fire,3,95,25,7,23,High,3,1,1,CRITICAL,3
Fire,3,81,3,1,13,Low,1,0,1,CRITICAL,3
Fire,3,47,10,1,10,High,3,1,1,CRITICAL,3
Flood,0,57,12,0,12,Medium,2,0,1,CRITICAL,3
Flood,0,176,37,15,61,High,3,1,1,CRITICAL,3
Earthquake,2,466,133,40,180,Critical,4,1,1,CRITICAL,3
Earthquake,2,407,81,14,133,High,3,1,1,CRITICAL,3
Cyclone,1,224,28,13,51,Medium,2,0,1,CRITICAL,3
Fire,3,93,17,4,14,Medium,2,1,1,CRITICAL,3
Earthquake,2,476,107,39,132,High,3,1,1,CRITICAL,3
Earthquake,2,66,1,1,4,Low,1,0,0,HIGH,2
Landslide,4,60,14,9,22,Critical,4,1,1,CRITICAL,3
Accident,5,39,3,2,5,Medium,2,0,1,HIGH,2
Other,6,49,4,1,6,Low,1,0,1,HIGH,2
Earthquake,2,126,37,11,47,Critical,4,1,1,CRITICAL,3
Earthquake,2,73,18,8,26,Critical,4,1,1,CRITICAL,3
Landslide,4,125,29,8,38,High,3,1,1,CRITICAL,3
Flood,0,201,56,17,83,Critical,4,1,1,CRITICAL,3
Flood,0,385,65,20,100,Medium,2,0,1,CRITICAL,3
Other,6,25,3,0,3,Medium,2,1,1,HIGH,2
Cyclone,1,199,62,20,80,Critical,4,1,1,CRITICAL,3
Accident,5,7,0,1,0,Low,1,0,1,MEDIUM,1
Landslide,4,234,54,12,69,High,3,1,1,CRITICAL,3
Cyclone,1,93,15,2,12,Low,1,0,0,CRITICAL,3
Flood,0,363,83,29,106,High,3,1,1,CRITICAL,3
Fire,3,31,2,1,4,Medium,2,1,1,HIGH,2
Accident,5,15,2,0,0,Low,1,0,1,MEDIUM,1
Flood,0,168,12,2,14,Low,1,0,0,CRITICAL,3
Landslide,4,235,72,16,85,Critical,4,1,1,CRITICAL,3
Fire,3,28,9,1,11,High,3,1,1,CRITICAL,3
Fire,3,100,17,6,23,Medium,2,1,1,CRITICAL,3
Earthquake,2,65,19,3,31,Critical,4,1,1,CRITICAL,3
Landslide,4,112,23,0,30,High,3,1,1,CRITICAL,3
Cyclone,1,333,83,27,88,High,3,1,1,CRITICAL,3
Landslide,4,21,5,3,11,Critical,4,1,1,CRITICAL,3
Earthquake,2,617,142,27,184,High,3,1,1,CRITICAL,3
Accident,5,14,6,1,3,High,3,1,1,HIGH,2
Flood,0,396,114,28,142,Critical,4,1,1,CRITICAL,3
Flood,0,240,69,19,109,Critical,4,1,1,CRITICAL,3
Fire,3,77,16,1,18,Medium,2,1,1,CRITICAL,3
Flood,0,291,89,16,111,Critical,4,1,1,CRITICAL,3
Cyclone,1,468,115,22,144,High,3,1,1,CRITICAL,3
Earthquake,2,217,66,17,91,Critical,4,1,1,CRITICAL,3
Flood,0,532,165,48,206,Critical,4,1,1,CRITICAL,3
Earthquake,2,122,8,3,19,Low,1,0,1,CRITICAL,3
Flood,0,609,143,32,194,High,3,1,1,CRITICAL,3
Flood,0,286,101,34,114,Critical,4,1,1,CRITICAL,3
Flood,0,143,17,6,32,Medium,2,1,1,CRITICAL,3
Flood,0,460,131,27,180,Critical,4,1,1,CRITICAL,3
Earthquake,2,45,2,2,9,Medium,2,0,1,HIGH,2
Other,6,35,12,2,15,High,3,1,1,CRITICAL,3
Landslide,4,78,7,1,15,Medium,2,0,1,CRITICAL,3
Flood,0,478,155,47,204,Critical,4,1,1,CRITICAL,3
Earthquake,2,267,72,16,78,High,3,1,1,CRITICAL,3
Fire,3,24,7,4,9,High,3,1,1,CRITICAL,3
Accident,5,32,2,2,2,Low,1,0,1,HIGH,2
Flood,0,103,27,5,33,High,3,1,1,CRITICAL,3
Accident,5,4,0,0,2,Low,1,0,0,LOW,0
Landslide,4,58,1,0,5,Low,1,0,0,HIGH,2
Fire,3,411,91,31,109,High,3,1,1,CRITICAL,3
Landslide,4,22,5,0,8,Medium,2,1,1,HIGH,2
Earthquake,2,255,67,14,63,High,3,1,1,CRITICAL,3
Earthquake,2,387,98,24,116,High,3,1,1,CRITICAL,3
Accident,5,15,0,1,1,Low,1,0,0,MEDIUM,1
Landslide,4,8,3,1,1,High,3,1,1,HIGH,2
Accident,5,31,5,0,3,Low,1,0,1,HIGH,2
Fire,3,12,3,0,1,Low,1,0,1,MEDIUM,1
Flood,0,8,1,1,4,Critical,4,1,1,CRITICAL,3
Landslide,4,62,22,3,22,Critical,4,1,1,CRITICAL,3
Flood,0,142,47,12,56,Critical,4,1,1,CRITICAL,3
Earthquake,2,346,101,29,134,Critical,4,1,1,CRITICAL,3
Landslide,4,10,1,2,3,High,3,1,1,HIGH,2
Flood,0,92,26,7,30,High,3,1,1,CRITICAL,3
Accident,5,20,0,0,2,Low,1,0,0,MEDIUM,1
Flood,0,410,131,29,160,Critical,4,1,1,CRITICAL,3
Flood,0,500,142,31,214,Critical,4,1,1,CRITICAL,3
Other,6,40,1,2,2,Low,1,0,1,HIGH,2
Cyclone,1,553,39,14,59,Low,1,0,0,CRITICAL,3
Flood,0,132,31,7,43,High,3,1,1,CRITICAL,3
Flood,0,427,105,24,127,High,3,1,1,CRITICAL,3
Landslide,4,33,4,4,3,Medium,2,1,1,HIGH,2
Flood,0,891,284,64,376,Critical,4,1,1,CRITICAL,3
Fire,3,62,8,3,18,Medium,2,1,1,CRITICAL,3
Flood,0,61,4,2,6,Low,1,0,0,HIGH,2
Fire,3,105,31,10,42,Critical,4,1,1,CRITICAL,3
Accident,5,97,15,2,26,Medium,2,0,1,CRITICAL,3
Landslide,4,104,9,2,15,Low,1,0,1,CRITICAL,3
Accident,5,16,2,1,9,High,3,1,1,HIGH,2
Flood,0,41,8,5,20,Critical,4,1,1,CRITICAL,3
Landslide,4,85,7,2,9,Low,1,0,0,CRITICAL,3
Fire,3,25,4,4,6,Critical,4,1,1,CRITICAL,3
Cyclone,1,50,4,2,12,Medium,2,1,1,CRITICAL,3
Fire,3,23,6,0,4,Medium,2,0,1,HIGH,2
Landslide,4,47,12,3,10,High,3,1,1,CRITICAL,3
Cyclone,1,643,185,62,239,Critical,4,1,1,CRITICAL,3
Earthquake,2,559,127,20,182,High,3,1,1,CRITICAL,3
Cyclone,1,221,69,16,68,High,3,1,1,CRITICAL,3
Cyclone,1,76,4,2,11,Low,1,0,1,CRITICAL,3
Fire,3,15,3,0,2,Low,1,0,0,MEDIUM,1
Fire,3,31,6,4,14,High,3,1,1,CRITICAL,3
Cyclone,1,155,20,5,48,Medium,2,1,1,CRITICAL,3
Cyclone,1,193,48,12,55,High,3,1,1,CRITICAL,3
Flood,0,323,73,18,97,High,3,1,1,CRITICAL,3
Accident,5,15,1,0,2,Medium,2,0,1,MEDIUM,1
Flood,0,96,30,14,39,Critical,4,1,1,CRITICAL,3
Earthquake,2,247,51,10,81,High,3,1,1,CRITICAL,3
Fire,3,24,6,2,11,High,3,1,1,CRITICAL,3
Landslide,4,87,6,2,9,Low,1,0,1,CRITICAL,3
Cyclone,1,34,9,2,13,High,3,1,1,CRITICAL,3
Flood,0,79,18,7,23,High,3,1,1,CRITICAL,3
Earthquake,2,37,3,1,9,High,3,1,1,CRITICAL,3
Flood,0,207,56,11,82,Critical,4,1,1,CRITICAL,3
Earthquake,2,1513,339,100,456,High,3,1,1,CRITICAL,3
Fire,3,97,28,10,28,Critical,4,1,1,CRITICAL,3
Fire,3,33,4,3,10,High,3,1,1,CRITICAL,3
Landslide,4,119,30,2,35,High,3,1,1,CRITICAL,3
Cyclone,1,303,69,19,91,High,3,1,1,CRITICAL,3
Accident,5,37,3,1,3,Low,1,0,0,HIGH,2
Cyclone,1,75,22,4,19,High,3,1,1,CRITICAL,3
Flood,0,313,69,18,80,High,3,1,1,CRITICAL,3
Fire,3,112,29,6,34,High,3,1,1,CRITICAL,3
Landslide,4,27,10,3,9,Critical,4,1,1,CRITICAL,3
Flood,0,316,47,10,63,Medium,2,1,1,CRITICAL,3
Fire,3,173,32,10,34,Medium,2,1,1,CRITICAL,3
Landslide,4,161,58,14,59,Critical,4,1,1,CRITICAL,3
Fire,3,42,0,0,6,Low,1,0,1,HIGH,2
Cyclone,1,304,14,10,35,Low,1,0,0,CRITICAL,3
Earthquake,2,8,3,0,3,High,3,1,1,HIGH,2
Other,6,53,5,2,11,Medium,2,1,1,CRITICAL,3
Cyclone,1,148,30,15,41,High,3,1,1,CRITICAL,3
Fire,3,109,12,3,6,Low,1,0,1,CRITICAL,3
Other,6,8,1,0,0,Low,1,0,1,MEDIUM,1
Earthquake,2,308,84,16,120,Critical,4,1,1,CRITICAL,3
Earthquake,2,331,82,15,85,High,3,1,1,CRITICAL,3
Accident,5,34,3,1,1,Low,1,0,0,MEDIUM,1
Accident,5,35,9,1,13,High,3,1,1,CRITICAL,3
Accident,5,11,4,0,2,High,3,1,1,HIGH,2
Flood,0,328,98,19,139,Critical,4,1,1,CRITICAL,3
Other,6,60,9,3,13,High,3,1,1,CRITICAL,3
Flood,0,89,11,0,8,Low,1,0,1,CRITICAL,3
Other,6,13,1,1,2,Medium,2,0,1,MEDIUM,1
Flood,0,77,16,3,31,High,3,1,1,CRITICAL,3
Flood,0,593,147,33,176,High,3,1,1,CRITICAL,3
Landslide,4,18,3,0,1,High,3,1,1,HIGH,2
Flood,0,525,113,29,158,High,3,1,1,CRITICAL,3
Fire,3,97,18,2,24,High,3,1,1,CRITICAL,3
Fire,3,124,15,5,28,Medium,2,0,1,CRITICAL,3
Earthquake,2,466,78,21,97,Medium,2,1,1,CRITICAL,3
Accident,5,57,9,2,12,Medium,2,0,1,CRITICAL,3
Fire,3,65,5,0,5,Low,1,0,0,HIGH,2
Flood,0,462,102,24,135,High,3,1,1,CRITICAL,3
Fire,3,53,10,2,20,High,3,1,1,CRITICAL,3
Flood,0,93,22,2,26,High,3,1,1,CRITICAL,3
Flood,0,82,14,5,31,High,3,1,1,CRITICAL,3
Flood,0,98,33,8,33,Critical,4,1,1,CRITICAL,3
Fire,3,99,16,12,23,Medium,2,0,1,CRITICAL,3
Landslide,4,36,4,3,9,High,3,1,1,CRITICAL,3
Fire,3,63,9,1,19,High,3,1,1,CRITICAL,3
Earthquake,2,461,140,32,189,Critical,4,1,1,CRITICAL,3
Fire,3,86,14,4,23,Medium,2,0,1,CRITICAL,3
Flood,0,16,3,1,3,Critical,4,1,1,CRITICAL,3
Other,6,36,6,2,5,Medium,2,0,1,HIGH,2
Fire,3,94,19,4,36,High,3,1,1,CRITICAL,3
Flood,0,359,81,19,107,High,3,1,1,CRITICAL,3
Landslide,4,24,11,1,9,Critical,4,1,1,CRITICAL,3
Accident,5,10,1,0,0,Low,1,0,1,MEDIUM,1
Accident,5,14,3,1,4,Medium,2,1,1,HIGH,2
Accident,5,61,16,3,22,High,3,1,1,CRITICAL,3
Flood,0,342,100,24,139,Critical,4,1,1,CRITICAL,3
Cyclone,1,166,25,4,30,Medium,2,1,1,CRITICAL,3
Fire,3,46,12,5,20,Critical,4,1,1,CRITICAL,3
Accident,5,57,10,2,12,Medium,2,1,1,CRITICAL,3
Flood,0,82,3,1,5,Low,1,0,1,HIGH,2
Flood,0,571,159,41,221,Critical,4,1,1,CRITICAL,3
Cyclone,1,728,205,65,292,Critical,4,1,1,CRITICAL,3
Fire,3,57,18,2,25,Critical,4,1,1,CRITICAL,3
Accident,5,47,6,1,12,Medium,2,0,1,CRITICAL,3
Flood,0,43,13,3,10,High,3,1,1,CRITICAL,3
Flood,0,245,77,11,94,Critical,4,1,1,CRITICAL,3
Earthquake,2,239,52,15,69,High,3,1,1,CRITICAL,3
Landslide,4,33,3,2,4,Low,1,0,0,HIGH,2
Cyclone,1,235,67,18,80,Critical,4,1,1,CRITICAL,3
Earthquake,2,356,77,20,110,High,3,1,1,CRITICAL,3
Landslide,4,17,2,1,1,Medium,2,0,1,HIGH,2
Other,6,16,2,1,3,Low,1,0,1,MEDIUM,1
Fire,3,52,4,3,10,Medium,2,0,1,CRITICAL,3
Accident,5,46,9,1,8,Medium,2,1,1,CRITICAL,3
Cyclone,1,508,107,28,154,High,3,1,1,CRITICAL,3
Fire,3,100,12,6,24,Medium,2,0,1,CRITICAL,3
Flood,0,135,30,7,45,High,3,1,1,CRITICAL,3
Flood,0,554,134,35,164,High,3,1,1,CRITICAL,3
Accident,5,12,2,0,0,Low,1,0,1,MEDIUM,1
Flood,0,91,36,4,34,Critical,4,1,1,CRITICAL,3
Accident,5,22,1,0,4,Low,1,0,1,MEDIUM,1
Accident,5,56,1,1,5,Low,1,0,1,HIGH,2
Earthquake,2,111,28,4,30,High,3,1,1,CRITICAL,3
Flood,0,179,56,18,78,Critical,4,1,1,CRITICAL,3
Accident,5,16,1,1,4,High,3,1,1,HIGH,2
Cyclone,1,148,19,5,36,Medium,2,1,1,CRITICAL,3
Fire,3,37,6,0,3,Medium,2,0,1,HIGH,2
Fire,3,40,9,3,7,Medium,2,0,1,CRITICAL,3
Earthquake,2,87,28,9,41,Critical,4,1,1,CRITICAL,3
Fire,3,62,10,0,6,Low,1,0,1,CRITICAL,3
Flood,0,81,19,7,22,High,3,1,1,CRITICAL,3
Earthquake,2,255,59,19,69,High,3,1,1,CRITICAL,3
Fire,3,162,13,3,14,Low,1,0,1,CRITICAL,3
Earthquake,2,86,29,7,30,Critical,4,1,1,CRITICAL,3
Cyclone,1,39,10,4,16,Critical,4,1,1,CRITICAL,3
Fire,3,120,8,1,6,Low,1,0,1,CRITICAL,3
Accident,5,19,2,0,2,Medium,2,1,1,HIGH,2
Landslide,4,13,2,1,5,Critical,4,1,1,CRITICAL,3
Flood,0,21,1,0,2,Low,1,0,1,MEDIUM,1
Earthquake,2,78,21,4,27,High,3,1,1,CRITICAL,3
Fire,3,22,2,0,7,High,3,1,1,HIGH,2
Cyclone,1,639,92,27,110,Medium,2,1,1,CRITICAL,3
Flood,0,670,170,45,210,High,3,1,1,CRITICAL,3
Flood,0,493,107,33,151,High,3,1,1,CRITICAL,3
Flood,0,332,77,24,81,High,3,1,1,CRITICAL,3
Landslide,4,41,8,1,9,High,3,1,1,CRITICAL,3
Cyclone,1,40,18,3,12,Critical,4,1,1,CRITICAL,3
Flood,0,561,173,47,208,Critical,4,1,1,CRITICAL,3
Flood,0,289,61,15,92,High,3,1,1,CRITICAL,3
Earthquake,2,445,57,13,94,Medium,2,1,1,CRITICAL,3
Flood,0,57,17,2,17,Critical,4,1,1,CRITICAL,3
Cyclone,1,712,151,43,217,High,3,1,1,CRITICAL,3
Cyclone,1,264,43,9,60,Medium,2,1,1,CRITICAL,3
Fire,3,55,17,4,15,High,3,1,1,CRITICAL,3
Cyclone,1,248,45,9,42,Medium,2,1,1,CRITICAL,3
Other,6,32,10,2,15,High,3,1,1,CRITICAL,3
Flood,0,279,64,12,87,High,3,1,1,CRITICAL,3
Cyclone,1,228,73,20,84,Critical,4,1,1,CRITICAL,3
Fire,3,27,9,2,7,High,3,1,1,CRITICAL,3
Landslide,4,90,21,3,23,High,3,1,1,CRITICAL,3
Accident,5,35,6,0,11,Medium,2,1,1,CRITICAL,3
Fire,3,164,44,15,43,High,3,1,1,CRITICAL,3
Other,6,11,3,0,2,Medium,2,1,1,HIGH,2
Flood,0,577,180,45,245,Critical,4,1,1,CRITICAL,3
Flood,0,275,72,16,84,High,3,1,1,CRITICAL,3
Earthquake,2,23,8,3,10,Critical,4,1,1,CRITICAL,3
Earthquake,2,810,134,29,166,Medium,2,1,1,CRITICAL,3
Earthquake,2,128,24,5,39,High,3,1,1,CRITICAL,3
Flood,0,143,43,4,52,Critical,4,1,1,CRITICAL,3
Earthquake,2,1317,299,76,425,High,3,1,1,CRITICAL,3
Accident,5,63,14,6,15,Medium,2,1,1,CRITICAL,3
Fire,3,38,13,6,12,Critical,4,1,1,CRITICAL,3
Cyclone,1,224,53,12,72,High,3,1,1,CRITICAL,3
Fire,3,74,7,6,16,Medium,2,1,1,CRITICAL,3
Cyclone,1,141,14,6,24,Medium,2,1,1,CRITICAL,3
Flood,0,116,7,2,14,Low,1,0,1,CRITICAL,3
Flood,0,567,90,33,105,Medium,2,0,1,CRITICAL,3
Fire,3,71,11,1,11,Medium,2,1,1,CRITICAL,3
Accident,5,39,5,1,15,Medium,2,0,1,CRITICAL,3
Fire,3,55,5,1,5,Low,1,0,0,HIGH,2
Earthquake,2,136,30,8,39,High,3,1,1,CRITICAL,3
Fire,3,13,1,1,3,High,3,1,1,HIGH,2
Fire,3,64,15,4,15,High,3,1,1,CRITICAL,3
Cyclone,1,156,36,9,46,High,3,1,1,CRITICAL,3
Flood,0,73,2,2,6,Low,1,0,0,HIGH,2
Cyclone,1,285,26,6,35,Low,1,0,1,CRITICAL,3
Landslide,4,61,7,2,9,Medium,2,0,1,CRITICAL,3
Landslide,4,64,15,3,20,High,3,1,1,CRITICAL,3
Flood,0,68,23,6,19,Critical,4,1,1,CRITICAL,3
Cyclone,1,240,48,14,68,High,3,1,1,CRITICAL,3
Flood,0,78,3,5,9,Medium,2,0,1,CRITICAL,3
Earthquake,2,123,40,7,62,Critical,4,1,1,CRITICAL,3
Landslide,4,142,19,2,24,Medium,2,1,1,CRITICAL,3
Earthquake,2,259,59,14,74,High,3,1,1,CRITICAL,3
Flood,0,205,60,12,73,Critical,4,1,1,CRITICAL,3
Accident,5,12,0,1,2,Low,1,0,1,MEDIUM,1
Accident,5,60,7,0,8,Low,1,0,1,HIGH,2
Flood,0,291,64,21,99,High,3,1,1,CRITICAL,3
Other,6,19,3,1,1,Low,1,0,1,MEDIUM,1
Landslide,4,353,74,17,96,High,3,1,1,CRITICAL,3
Earthquake,2,520,74,22,105,Medium,2,1,1,CRITICAL,3
Other,6,94,14,5,24,Medium,2,0,1,CRITICAL,3
Cyclone,1,59,17,1,24,High,3,1,1,CRITICAL,3
Fire,3,88,21,8,22,High,3,1,1,CRITICAL,3
Other,6,40,7,0,10,High,3,1,1,CRITICAL,3
Earthquake,2,69,20,4,21,High,3,1,1,CRITICAL,3
Flood,0,1020,82,24,94,Low,1,0,1,CRITICAL,3
Earthquake,2,159,46,10,60,Critical,4,1,1,CRITICAL,3
Fire,3,63,1,5,16,Medium,2,1,1,CRITICAL,3
Flood,0,69,26,5,23,Critical,4,1,1,CRITICAL,3
Earthquake,2,154,49,15,59,Critical,4,1,1,CRITICAL,3
Cyclone,1,266,55,9,69,High,3,1,1,CRITICAL,3
Landslide,4,192,52,14,72,Critical,4,1,1,CRITICAL,3
Flood,0,451,129,39,178,Critical,4,1,1,CRITICAL,3
Fire,3,31,4,4,8,Medium,2,1,1,CRITICAL,3
Earthquake,2,492,40,8,45,Low,1,0,0,CRITICAL,3
Fire,3,23,3,0,4,Low,1,0,0,MEDIUM,1
Flood,0,186,51,7,86,Critical,4,1,1,CRITICAL,3
Landslide,4,188,53,11,56,High,3,1,1,CRITICAL,3
Landslide,4,95,17,6,23,High,3,1,1,CRITICAL,3
Cyclone,1,160,50,20,74,Critical,4,1,1,CRITICAL,3
Fire,3,83,12,1,10,Low,1,0,1,CRITICAL,3
Fire,3,20,5,2,8,High,3,1,1,CRITICAL,3
Fire,3,216,34,7,41,Medium,2,1,1,CRITICAL,3
Cyclone,1,49,16,4,25,Critical,4,1,1,CRITICAL,3
Fire,3,87,16,5,26,High,3,1,1,CRITICAL,3
Cyclone,1,199,47,13,66,High,3,1,1,CRITICAL,3
Fire,3,29,4,0,6,Medium,2,0,1,HIGH,2
Landslide,4,69,4,3,4,Low,1,0,1,HIGH,2
Flood,0,363,87,27,97,High,3,1,1,CRITICAL,3
Accident,5,7,3,1,4,Critical,4,1,1,CRITICAL,3
Flood,0,93,18,1,18,Medium,2,1,1,CRITICAL,3
Cyclone,1,280,61,17,87,High,3,1,1,CRITICAL,3
Landslide,4,57,14,3,17,High,3,1,1,CRITICAL,3
Flood,0,346,25,8,36,Low,1,0,0,CRITICAL,3
Fire,3,90,20,2,26,High,3,1,1,CRITICAL,3
Flood,0,219,71,23,92,Critical,4,1,1,CRITICAL,3
Cyclone,1,177,32,5,58,High,3,1,1,CRITICAL,3
Cyclone,1,43,8,2,10,Medium,2,1,1,CRITICAL,3
Other,6,27,6,1,6,High,3,1,1,CRITICAL,3
Flood,0,495,107,31,138,High,3,1,1,CRITICAL,3
Flood,0,119,17,3,26,Medium,2,1,1,CRITICAL,3
Fire,3,35,9,3,12,High,3,1,1,CRITICAL,3
Accident,5,47,16,7,19,Critical,4,1,1,CRITICAL,3
Cyclone,1,34,4,1,7,Medium,2,1,1,HIGH,2
Flood,0,145,41,8,60,Critical,4,1,1,CRITICAL,3
Cyclone,1,182,37,11,50,High,3,1,1,CRITICAL,3
Flood,0,38,11,3,14,High,3,1,1,CRITICAL,3
Flood,0,42,13,2,19,Critical,4,1,1,CRITICAL,3
Flood,0,208,62,18,80,Critical,4,1,1,CRITICAL,3
Fire,3,39,7,2,11,High,3,1,1,CRITICAL,3
Flood,0,64,15,4,29,Critical,4,1,1,CRITICAL,3
Cyclone,1,1022,153,37,215,Medium,2,0,1,CRITICAL,3
Flood,0,171,44,9,46,High,3,1,1,CRITICAL,3
Other,6,109,14,4,26,Medium,2,1,1,CRITICAL,3
Cyclone,1,76,22,2,23,High,3,1,1,CRITICAL,3
Accident,5,42,2,0,4,Low,1,0,0,HIGH,2
Landslide,4,202,62,11,72,Critical,4,1,1,CRITICAL,3
Fire,3,132,44,15,57,Critical,4,1,1,CRITICAL,3
Landslide,4,63,20,9,18,High,3,1,1,CRITICAL,3
Cyclone,1,189,23,5,44,Medium,2,1,1,CRITICAL,3
Flood,0,24,4,0,7,High,3,1,1,CRITICAL,3
Earthquake,2,283,76,26,108,Critical,4,1,1,CRITICAL,3
Cyclone,1,145,58,14,61,Critical,4,1,1,CRITICAL,3
Cyclone,1,99,36,4,43,Critical,4,1,1,CRITICAL,3
Flood,0,260,71,17,102,Critical,4,1,1,CRITICAL,3
Cyclone,1,283,40,9,59,Medium,2,1,1,CRITICAL,3
Flood,0,797,196,50,242,High,3,1,1,CRITICAL,3
Flood,0,329,78,20,101,High,3,1,1,CRITICAL,3
Fire,3,63,13,8,21,High,3,1,1,CRITICAL,3
Flood,0,512,112,28,170,High,3,1,1,CRITICAL,3
Other,6,22,5,0,3,Medium,2,0,1,HIGH,2
Cyclone,1,427,63,16,94,Medium,2,0,1,CRITICAL,3
Cyclone,1,27,3,1,5,Medium,2,0,1,HIGH,2
Other,6,44,0,1,2,Low,1,0,1,MEDIUM,1
Fire,3,64,7,5,24,High,3,1,1,CRITICAL,3
Earthquake,2,239,54,20,87,High,3,1,1,CRITICAL,3
Earthquake,2,113,17,3,30,Medium,2,1,1,CRITICAL,3
Fire,3,81,13,3,24,High,3,1,1,CRITICAL,3
Earthquake,2,122,8,6,18,Low,1,0,1,CRITICAL,3
Fire,3,210,58,13,70,High,3,1,1,CRITICAL,3
Earthquake,2,314,101,24,115,Critical,4,1,1,CRITICAL,3
Accident,5,28,1,0,2,Low,1,0,0,MEDIUM,1
Fire,3,36,5,5,9,Critical,4,1,1,CRITICAL,3
Flood,0,47,9,4,12,High,3,1,1,CRITICAL,3
Flood,0,211,54,12,62,High,3,1,1,CRITICAL,3
Flood,0,889,203,64,286,High,3,1,1,CRITICAL,3
Flood,0,101,11,6,16,Medium,2,1,1,CRITICAL,3
Flood,0,789,110,25,157,Medium,2,0,1,CRITICAL,3
Fire,3,129,19,1,26,Medium,2,1,1,CRITICAL,3
Cyclone,1,144,14,3,12,Low,1,0,0,CRITICAL,3
Other,6,14,1,0,5,Medium,2,0,1,HIGH,2
Fire,3,45,8,1,8,Medium,2,0,1,CRITICAL,3
Other,6,95,12,5,18,Medium,2,0,1,CRITICAL,3
Earthquake,2,41,4,0,3,Low,1,0,1,HIGH,2
Other,6,47,4,2,4,Low,1,0,1,HIGH,2
Cyclone,1,175,62,10,63,Critical,4,1,1,CRITICAL,3
Earthquake,2,146,31,9,48,High,3,1,1,CRITICAL,3
Earthquake,2,320,20,6,37,Low,1,0,1,CRITICAL,3
Cyclone,1,103,21,6,32,High,3,1,1,CRITICAL,3
Fire,3,51,11,0,15,High,3,1,1,CRITICAL,3
Landslide,4,43,5,3,9,High,3,1,1,CRITICAL,3
Earthquake,2,100,14,11,17,Medium,2,0,1,CRITICAL,3
Fire,3,56,12,1,18,High,3,1,1,CRITICAL,3
Accident,5,60,8,3,10,Medium,2,0,1,CRITICAL,3
Accident,5,9,2,1,3,High,3,1,1,HIGH,2
Flood,0,365,107,29,144,Critical,4,1,1,CRITICAL,3
Earthquake,2,112,11,3,12,Low,1,0,0,CRITICAL,3
Fire,3,349,70,15,98,High,3,1,1,CRITICAL,3
Landslide,4,159,45,8,42,High,3,1,1,CRITICAL,3
Other,6,23,5,1,6,Medium,2,0,1,HIGH,2
Flood,0,124,20,8,32,High,3,1,1,CRITICAL,3
Flood,0,319,64,26,99,High,3,1,1,CRITICAL,3
Fire,3,41,15,4,11,Critical,4,1,1,CRITICAL,3
Landslide,4,72,17,5,24,High,3,1,1,CRITICAL,3
Fire,3,176,19,7,32,Medium,2,1,1,CRITICAL,3
Cyclone,1,138,13,7,29,Medium,2,1,1,CRITICAL,3
Fire,3,97,19,7,27,High,3,1,1,CRITICAL,3
Landslide,4,101,19,3,22,High,3,1,1,CRITICAL,3
Fire,3,148,24,9,58,High,3,1,1,CRITICAL,3
Flood,0,190,39,8,57,High,3,1,1,CRITICAL,3
Accident,5,17,4,2,3,High,3,1,1,HIGH,2
Fire,3,38,7,4,11,High,3,1,1,CRITICAL,3
Accident,5,91,25,6,38,Critical,4,1,1,CRITICAL,3
Cyclone,1,628,174,48,246,Critical,4,1,1,CRITICAL,3
Fire,3,30,3,1,3,Medium,2,0,1,HIGH,2
Flood,0,142,20,5,31,Medium,2,1,1,CRITICAL,3
Earthquake,2,44,11,3,15,High,3,1,1,CRITICAL,3
Fire,3,87,4,1,9,Low,1,0,0,CRITICAL,3
Earthquake,2,110,27,12,32,High,3,1,1,CRITICAL,3
Flood,0,420,131,37,184,Critical,4,1,1,CRITICAL,3
Earthquake,2,714,207,56,272,Critical,4,1,1,CRITICAL,3
Fire,3,7,0,1,1,High,3,1,1,HIGH,2
Fire,3,52,0,2,4,Low,1,0,1,HIGH,2
Other,6,11,2,0,0,Medium,2,1,1,MEDIUM,1
Fire,3,371,111,23,142,Critical,4,1,1,CRITICAL,3
Cyclone,1,53,11,3,18,High,3,1,1,CRITICAL,3
Accident,5,11,0,0,0,Low,1,0,1,MEDIUM,1
Accident,5,34,2,2,12,Medium,2,0,1,HIGH,2
Landslide,4,62,12,1,20,High,3,1,1,CRITICAL,3
Accident,5,24,6,1,5,Medium,2,1,1,HIGH,2
Earthquake,2,82,7,1,8,Low,1,0,1,CRITICAL,3
Flood,0,281,52,15,57,Medium,2,0,1,CRITICAL,3
Flood,0,35,8,1,12,High,3,1,1,CRITICAL,3
Fire,3,18,3,2,6,High,3,1,1,HIGH,2
Flood,0,99,8,2,12,Low,1,0,0,CRITICAL,3
Earthquake,2,35,6,1,14,Medium,2,0,1,CRITICAL,3
Earthquake,2,218,67,18,97,Critical,4,1,1,CRITICAL,3
Earthquake,2,80,24,6,40,Critical,4,1,1,CRITICAL,3
Accident,5,26,2,0,4,Low,1,0,0,MEDIUM,1
Flood,0,147,51,15,60,Critical,4,1,1,CRITICAL,3
Fire,3,54,9,1,12,Medium,2,1,1,CRITICAL,3
Fire,3,95,7,0,9,Low,1,0,0,CRITICAL,3
Earthquake,2,1412,212,62,287,Medium,2,0,1,CRITICAL,3
Fire,3,166,50,14,53,Critical,4,1,1,CRITICAL,3
Flood,0,61,17,6,24,Critical,4,1,1,CRITICAL,3
Accident,5,79,4,3,6,Low,1,0,1,HIGH,2
Other,6,9,1,0,4,Critical,4,1,1,CRITICAL,3
Fire,3,88,27,7,35,Critical,4,1,1,CRITICAL,3
Flood,0,53,9,4,21,Critical,4,1,1,CRITICAL,3
Earthquake,2,47,13,3,11,High,3,1,1,CRITICAL,3
Fire,3,29,5,0,7,Medium,2,1,1,HIGH,2
Fire,3,50,18,8,20,Critical,4,1,1,CRITICAL,3
Earthquake,2,362,84,9,124,High,3,1,1,CRITICAL,3
Landslide,4,19,2,0,2,Low,1,0,1,MEDIUM,1
Landslide,4,27,5,2,3,Medium,2,1,1,HIGH,2
Fire,3,27,4,1,11,High,3,1,1,CRITICAL,3
Fire,3,28,8,5,11,Critical,4,1,1,CRITICAL,3
Cyclone,1,514,122,27,155,High,3,1,1,CRITICAL,3
Fire,3,206,39,8,57,High,3,1,1,CRITICAL,3
Cyclone,1,80,11,4,24,High,3,1,1,CRITICAL,3
Fire,3,53,11,2,13,High,3,1,1,CRITICAL,3
Earthquake,2,109,18,1,21,Medium,2,1,1,CRITICAL,3
Cyclone,1,217,60,17,88,Critical,4,1,1,CRITICAL,3
Cyclone,1,223,13,8,32,Low,1,0,1,CRITICAL,3
Accident,5,25,5,1,4,High,3,1,1,HIGH,2
Fire,3,82,5,3,11,Low,1,0,1,CRITICAL,3
Fire,3,25,3,2,5,Medium,2,0,1,HIGH,2
Flood,0,34,5,3,10,High,3,1,1,CRITICAL,3
Earthquake,2,1004,298,87,401,Critical,4,1,1,CRITICAL,3
Fire,3,84,19,6,22,High,3,1,1,CRITICAL,3
Fire,3,451,134,38,178,Critical,4,1,1,CRITICAL,3
Earthquake,2,1118,251,70,315,High,3,1,1,CRITICAL,3
Flood,0,551,82,18,97,Medium,2,0,1,CRITICAL,3
Landslide,4,144,9,1,10,Low,1,0,0,CRITICAL,3
Other,6,6,0,0,0,Low,1,0,0,LOW,0
Fire,3,44,8,4,18,High,3,1,1,CRITICAL,3
Earthquake,2,126,9,1,12,Low,1,0,1,CRITICAL,3
Landslide,4,139,19,3,32,Medium,2,1,1,CRITICAL,3
Flood,0,146,8,6,9,Low,1,0,1,CRITICAL,3
Earthquake,2,178,40,14,42,High,3,1,1,CRITICAL,3
Accident,5,12,2,0,1,Medium,2,0,1,MEDIUM,1
Flood,0,52,9,2,9,High,3,1,1,CRITICAL,3
Earthquake,2,231,62,10,80,High,3,1,1,CRITICAL,3
Other,6,57,6,1,9,Low,1,0,1,HIGH,2
Fire,3,89,34,9,27,Critical,4,1,1,CRITICAL,3
Landslide,4,58,10,4,21,High,3,1,1,CRITICAL,3
Earthquake,2,887,187,62,249,High,3,1,1,CRITICAL,3
Fire,3,23,3,0,5,Medium,2,1,1,HIGH,2
Cyclone,1,205,52,13,68,High,3,1,1,CRITICAL,3
Fire,3,112,24,3,30,High,3,1,1,CRITICAL,3
Earthquake,2,186,38,7,39,Medium,2,0,1,CRITICAL,3
Flood,0,141,44,13,58,Critical,4,1,1,CRITICAL,3
Cyclone,1,1872,402,93,574,High,3,1,1,CRITICAL,3
Accident,5,37,12,2,12,High,3,1,1,CRITICAL,3
Cyclone,1,422,76,14,74,Medium,2,1,1,CRITICAL,3
Other,6,71,6,2,10,Low,1,0,1,CRITICAL,3
Earthquake,2,1244,205,51,247,Medium,2,0,1,CRITICAL,3
Earthquake,2,519,136,29,164,High,3,1,1,CRITICAL,3
Fire,3,47,13,2,18,Critical,4,1,1,CRITICAL,3
Cyclone,1,639,182,51,275,Critical,4,1,1,CRITICAL,3
Fire,3,65,10,3,18,Medium,2,1,1,CRITICAL,3
Earthquake,2,396,90,24,126,High,3,1,1,CRITICAL,3
Fire,3,10,4,0,1,Low,1,0,0,MEDIUM,1
Fire,3,31,4,3,4,Medium,2,1,1,HIGH,2
Earthquake,2,48,16,6,25,Critical,4,1,1,CRITICAL,3
Earthquake,2,351,68,24,118,High,3,1,1,CRITICAL,3
Earthquake,2,56,11,3,23,High,3,1,1,CRITICAL,3
Flood,0,125,31,8,40,High,3,1,1,CRITICAL,3
Flood,0,886,279,82,374,Critical,4,1,1,CRITICAL,3
Fire,3,46,6,4,17,High,3,1,1,CRITICAL,3
Landslide,4,70,13,4,23,High,3,1,1,CRITICAL,3
Fire,3,68,20,5,23,High,3,1,1,CRITICAL,3
Flood,0,152,42,3,44,High,3,1,1,CRITICAL,3
Fire,3,183,39,11,57,High,3,1,1,CRITICAL,3
Cyclone,1,119,42,11,53,Critical,4,1,1,CRITICAL,3
Fire,3,18,3,2,6,Critical,4,1,1,CRITICAL,3
Fire,3,65,7,0,8,Low,1,0,1,HIGH,2
Cyclone,1,143,27,10,47,High,3,1,1,CRITICAL,3
Cyclone,1,55,16,4,14,High,3,1,1,CRITICAL,3
Flood,0,105,30,12,48,Critical,4,1,1,CRITICAL,3
Flood,0,273,15,7,23,Low,1,0,1,CRITICAL,3
Earthquake,2,365,87,26,101,High,3,1,1,CRITICAL,3
Fire,3,72,14,3,20,Medium,2,1,1,CRITICAL,3
Flood,0,187,40,13,63,High,3,1,1,CRITICAL,3
Accident,5,22,7,2,9,High,3,1,1,CRITICAL,3
Flood,0,545,82,19,116,Medium,2,0,1,CRITICAL,3
Fire,3,49,9,1,6,Medium,2,1,1,CRITICAL,3
Cyclone,1,430,110,30,136,High,3,1,1,CRITICAL,3
Earthquake,2,524,109,35,162,High,3,1,1,CRITICAL,3
Earthquake,2,64,11,4,13,Medium,2,1,1,CRITICAL,3
Fire,3,62,8,0,5,Medium,2,0,1,CRITICAL,3
Earthquake,2,481,149,57,185,Critical,4,1,1,CRITICAL,3
Landslide,4,165,27,5,29,Medium,2,1,1,CRITICAL,3
Accident,5,54,5,1,7,Medium,2,1,1,CRITICAL,3
Landslide,4,68,5,0,8,Low,1,0,1,HIGH,2
Flood,0,576,176,48,227,Critical,4,1,1,CRITICAL,3
Cyclone,1,49,12,2,24,Critical,4,1,1,CRITICAL,3
Earthquake,2,53,5,1,13,Medium,2,1,1,CRITICAL,3
Other,6,15,0,1,2,Low,1,0,0,MEDIUM,1
Earthquake,2,130,8,3,9,Low,1,0,1,CRITICAL,3
Fire,3,102,28,10,23,High,3,1,1,CRITICAL,3
Fire,3,162,8,4,14,Low,1,0,0,CRITICAL,3
Other,6,7,0,0,1,Medium,2,0,1,MEDIUM,1
Earthquake,2,414,98,28,125,High,3,1,1,CRITICAL,3
Landslide,4,57,4,3,6,Low,1,0,1,HIGH,2
Landslide,4,226,64,15,86,Critical,4,1,1,CRITICAL,3
Earthquake,2,687,146,46,194,High,3,1,1,CRITICAL,3
Cyclone,1,242,38,14,48,Medium,2,0,1,CRITICAL,3
Fire,3,32,4,2,7,Medium,2,0,1,HIGH,2
Earthquake,2,361,100,36,175,Critical,4,1,1,CRITICAL,3
Earthquake,2,107,22,4,34,High,3,1,1,CRITICAL,3
Fire,3,35,10,1,11,Critical,4,1,1,CRITICAL,3
Landslide,4,34,1,1,5,Low,1,0,0,HIGH,2
Accident,5,4,0,0,1,Low,1,0,1,MEDIUM,1
Cyclone,1,204,57,15,85,Critical,4,1,1,CRITICAL,3
Flood,0,264,85,25,103,Critical,4,1,1,CRITICAL,3
Flood,0,38,4,0,7,Medium,2,1,1,HIGH,2
Fire,3,55,13,6,26,Critical,4,1,1,CRITICAL,3
Earthquake,2,274,68,16,73,High,3,1,1,CRITICAL,3
Earthquake,2,101,21,8,27,High,3,1,1,CRITICAL,3
Landslide,4,25,10,2,6,High,3,1,1,CRITICAL,3
Accident,5,15,3,1,5,High,3,1,1,HIGH,2
Fire,3,269,42,11,59,Medium,2,0,1,CRITICAL,3
Cyclone,1,58,9,5,15,Medium,2,1,1,CRITICAL,3
Cyclone,1,169,50,16,68,Critical,4,1,1,CRITICAL,3
Flood,0,611,132,28,171,High,3,1,1,CRITICAL,3
Cyclone,1,467,112,23,140,High,3,1,1,CRITICAL,3
Accident,5,6,1,0,1,Low,1,0,1,MEDIUM,1
Earthquake,2,67,19,3,29,Critical,4,1,1,CRITICAL,3
Cyclone,1,265,47,27,71,High,3,1,1,CRITICAL,3
Cyclone,1,238,47,13,74,High,3,1,1,CRITICAL,3
Flood,0,178,55,12,71,Critical,4,1,1,CRITICAL,3
Earthquake,2,232,84,20,98,Critical,4,1,1,CRITICAL,3
Fire,3,5,2,0,0,Medium,2,0,1,MEDIUM,1
Other,6,20,2,0,2,Low,1,0,1,MEDIUM,1
Cyclone,1,381,93,24,125,High,3,1,1,CRITICAL,3
Flood,0,1318,363,106,531,Critical,4,1,1,CRITICAL,3
Flood,0,595,134,40,167,High,3,1,1,CRITICAL,3
Flood,0,403,111,31,175,Critical,4,1,1,CRITICAL,3
Earthquake,2,65,25,5,26,Critical,4,1,1,CRITICAL,3
Landslide,4,12,4,1,3,Critical,4,1,1,CRITICAL,3
Accident,5,8,1,0,2,Low,1,0,1,MEDIUM,1
Flood,0,114,24,7,20,Medium,2,1,1,CRITICAL,3
Earthquake,2,167,42,11,43,High,3,1,1,CRITICAL,3
Earthquake,2,104,38,11,48,Critical,4,1,1,CRITICAL,3
Other,6,33,2,0,3,Low,1,0,1,MEDIUM,1
Landslide,4,24,5,1,8,High,3,1,1,CRITICAL,3
Fire,3,76,20,7,20,High,3,1,1,CRITICAL,3
Flood,0,198,66,16,70,Critical,4,1,1,CRITICAL,3
Flood,0,83,24,11,28,Critical,4,1,1,CRITICAL,3
Landslide,4,14,6,2,7,High,3,1,1,CRITICAL,3
Flood,0,84,22,9,36,Critical,4,1,1,CRITICAL,3
Flood,0,375,86,24,111,High,3,1,1,CRITICAL,3
Accident,5,5,1,0,1,Medium,2,1,1,MEDIUM,1
Flood,0,102,38,7,38,Critical,4,1,1,CRITICAL,3
Other,6,86,4,2,1,Low,1,0,1,HIGH,2
Flood,0,71,20,2,17,High,3,1,1,CRITICAL,3
Flood,0,21,5,0,10,Critical,4,1,1,CRITICAL,3
Fire,3,94,10,2,12,Low,1,0,1,CRITICAL,3
Accident,5,97,24,3,24,High,3,1,1,CRITICAL,3
Earthquake,2,89,28,6,38,Critical,4,1,1,CRITICAL,3
Flood,0,121,21,1,32,Medium,2,1,1,CRITICAL,3
Cyclone,1,154,34,13,45,High,3,1,1,CRITICAL,3
Earthquake,2,89,28,5,34,Critical,4,1,1,CRITICAL,3
Fire,3,20,4,0,3,High,3,1,1,HIGH,2
Cyclone,1,300,49,8,56,Medium,2,1,1,CRITICAL,3
Landslide,4,80,6,2,5,Low,1,0,1,CRITICAL,3
Other,6,93,11,2,20,Medium,2,0,1,CRITICAL,3
Flood,0,353,70,27,99,High,3,1,1,CRITICAL,3
Flood,0,27,5,2,9,High,3,1,1,CRITICAL,3
Earthquake,2,403,83,30,116,High,3,1,1,CRITICAL,3
Fire,3,23,7,1,6,Critical,4,1,1,CRITICAL,3
Flood,0,573,127,33,177,High,3,1,1,CRITICAL,3
Earthquake,2,199,31,7,33,Medium,2,1,1,CRITICAL,3
Earthquake,2,202,26,6,43,Medium,2,0,1,CRITICAL,3
Earthquake,2,135,34,12,57,Critical,4,1,1,CRITICAL,3
Earthquake,2,430,131,39,155,Critical,4,1,1,CRITICAL,3
Flood,0,284,78,19,128,Critical,4,1,1,CRITICAL,3
Fire,3,71,17,6,13,Medium,2,1,1,CRITICAL,3
Landslide,4,103,14,3,25,Medium,2,1,1,CRITICAL,3
Fire,3,38,5,1,3,Low,1,0,1,HIGH,2
Fire,3,15,2,0,3,Medium,2,0,1,HIGH,2
Earthquake,2,320,111,33,128,Critical,4,1,1,CRITICAL,3
Flood,0,268,76,22,116,Critical,4,1,1,CRITICAL,3
Flood,0,233,49,14,72,High,3,1,1,CRITICAL,3
Earthquake,2,844,197,47,245,High,3,1,1,CRITICAL,3
Earthquake,2,233,66,18,95,Critical,4,1,1,CRITICAL,3
Landslide,4,14,5,2,5,Critical,4,1,1,CRITICAL,3
Earthquake,2,154,52,14,75,Critical,4,1,1,CRITICAL,3
Flood,0,735,233,57,294,Critical,4,1,1,CRITICAL,3
Fire,3,95,21,9,35,High,3,1,1,CRITICAL,3
Flood,0,455,44,11,48,Low,1,0,0,CRITICAL,3
Accident,5,31,5,1,1,Medium,2,0,1,HIGH,2
Earthquake,2,293,53,11,46,Medium,2,0,1,CRITICAL,3
Flood,0,375,63,20,71,Medium,2,1,1,CRITICAL,3
Earthquake,2,42,11,6,12,High,3,1,1,CRITICAL,3
Accident,5,34,4,2,6,Medium,2,0,1,HIGH,2
Earthquake,2,60,14,3,26,High,3,1,1,CRITICAL,3
Fire,3,22,2,0,6,High,3,1,1,HIGH,2
Cyclone,1,185,30,7,39,Medium,2,1,1,CRITICAL,3
Flood,0,65,18,6,16,High,3,1,1,CRITICAL,3
Flood,0,364,75,25,117,High,3,1,1,CRITICAL,3
Cyclone,1,263,79,17,99,Critical,4,1,1,CRITICAL,3
Other,6,31,8,0,3,Medium,2,1,1,HIGH,2
Earthquake,2,282,93,18,117,Critical,4,1,1,CRITICAL,3
Flood,0,582,163,42,227,Critical,4,1,1,CRITICAL,3
Cyclone,1,35,10,2,13,High,3,1,1,CRITICAL,3
Flood,0,128,15,1,18,Low,1,0,1,CRITICAL,3
Other,6,27,0,0,5,Low,1,0,0,MEDIUM,1
Earthquake,2,354,96,27,137,Critical,4,1,1,CRITICAL,3
Fire,3,78,12,5,19,High,3,1,1,CRITICAL,3
Fire,3,47,8,4,12,High,3,1,1,CRITICAL,3
Fire,3,23,10,2,10,Critical,4,1,1,CRITICAL,3
Fire,3,279,81,16,112,Critical,4,1,1,CRITICAL,3
Fire,3,101,11,5,20,Medium,2,1,1,CRITICAL,3
Flood,0,137,9,4,18,Low,1,0,1,CRITICAL,3
Earthquake,2,36,7,1,10,High,3,1,1,CRITICAL,3
Accident,5,25,4,0,5,Medium,2,1,1,HIGH,2
Fire,3,7,3,0,2,Critical,4,1,1,CRITICAL,3
Landslide,4,59,6,1,14,Medium,2,1,1,CRITICAL,3
Cyclone,1,48,1,1,3,Low,1,0,1,HIGH,2
Cyclone,1,752,173,47,221,High,3,1,1,CRITICAL,3
Accident,5,21,1,0,3,Low,1,0,0,MEDIUM,1
Earthquake,2,278,48,16,78,High,3,1,1,CRITICAL,3
Landslide,4,96,21,11,35,Critical,4,1,1,CRITICAL,3
Cyclone,1,475,113,25,143,High,3,1,1,CRITICAL,3
Flood,0,103,22,4,32,High,3,1,1,CRITICAL,3
Landslide,4,119,37,11,48,Critical,4,1,1,CRITICAL,3
Earthquake,2,231,51,14,75,High,3,1,1,CRITICAL,3
Fire,3,60,13,2,22,High,3,1,1,CRITICAL,3
Fire,3,43,9,0,11,High,3,1,1,CRITICAL,3
Cyclone,1,448,116,27,136,High,3,1,1,CRITICAL,3
Flood,0,312,67,18,97,High,3,1,1,CRITICAL,3
Fire,3,30,5,3,11,High,3,1,1,CRITICAL,3
Fire,3,39,3,1,16,Medium,2,1,1,CRITICAL,3
Flood,0,252,32,16,53,Medium,2,1,1,CRITICAL,3
Landslide,4,157,29,8,45,High,3,1,1,CRITICAL,3
Fire,3,29,7,0,10,Critical,4,1,1,CRITICAL,3
Flood,0,20,5,1,5,Medium,2,1,1,HIGH,2
Flood,0,90,18,5,25,High,3,1,1,CRITICAL,3
Landslide,4,37,12,2,13,Critical,4,1,1,CRITICAL,3
Cyclone,1,69,13,3,23,High,3,1,1,CRITICAL,3
Fire,3,40,5,1,3,Low,1,0,1,HIGH,2
Cyclone,1,326,26,9,26,Low,1,0,1,CRITICAL,3
Cyclone,1,420,128,35,168,Critical,4,1,1,CRITICAL,3
Flood,0,14,2,1,5,Critical,4,1,1,CRITICAL,3
Landslide,4,187,12,6,17,Low,1,0,1,CRITICAL,3
Other,6,11,1,1,5,High,3,1,1,HIGH,2
Cyclone,1,175,21,5,24,Medium,2,0,1,CRITICAL,3
Flood,0,195,56,14,75,Critical,4,1,1,CRITICAL,3
Landslide,4,42,6,2,10,Medium,2,1,1,CRITICAL,3
Flood,0,254,69,14,60,High,3,1,1,CRITICAL,3
Earthquake,2,144,15,5,14,Low,1,0,1,CRITICAL,3
Other,6,35,7,3,7,High,3,1,1,CRITICAL,3
Flood,0,427,85,27,125,High,3,1,1,CRITICAL,3
Fire,3,132,12,0,13,Low,1,0,1,CRITICAL,3
Fire,3,50,8,1,11,Medium,2,0,1,CRITICAL,3
Fire,3,40,8,0,8,Medium,2,1,1,CRITICAL,3
Fire,3,72,11,4,29,High,3,1,1,CRITICAL,3
Earthquake,2,130,28,3,39,High,3,1,1,CRITICAL,3
Landslide,4,64,17,2,25,High,3,1,1,CRITICAL,3
Landslide,4,26,5,3,11,Critical,4,1,1,CRITICAL,3
Earthquake,2,214,66,20,76,Critical,4,1,1,CRITICAL,3
Fire,3,111,23,7,37,High,3,1,1,CRITICAL,3
Fire,3,29,7,0,10,Critical,4,1,1,CRITICAL,3
Cyclone,1,1188,183,46,220,Medium,2,0,1,CRITICAL,3
Cyclone,1,371,50,12,72,Medium,2,0,1,CRITICAL,3
Fire,3,25,1,0,1,Low,1,0,1,MEDIUM,1
Flood,0,225,45,21,75,High,3,1,1,CRITICAL,3
Flood,0,134,36,9,36,High,3,1,1,CRITICAL,3
Earthquake,2,431,72,23,88,Medium,2,0,1,CRITICAL,3
Cyclone,1,275,62,13,76,High,3,1,1,CRITICAL,3
Accident,5,16,1,0,1,Low,1,0,1,MEDIUM,1
Accident,5,4,0,0,0,Low,1,0,1,LOW,0
Cyclone,1,39,9,2,5,Medium,2,0,1,CRITICAL,3
Flood,0,272,62,20,92,High,3,1,1,CRITICAL,3
Flood,0,192,50,12,69,High,3,1,1,CRITICAL,3
Flood,0,51,9,1,5,Medium,2,0,1,CRITICAL,3
Flood,0,138,50,10,55,Critical,4,1,1,CRITICAL,3
Flood,0,56,10,3,12,High,3,1,1,CRITICAL,3
Landslide,4,23,8,0,5,High,3,1,1,CRITICAL,3
Earthquake,2,79,23,10,29,Critical,4,1,1,CRITICAL,3
Landslide,4,150,5,0,19,Low,1,0,0,CRITICAL,3
Fire,3,167,27,7,54,High,3,1,1,CRITICAL,3
Earthquake,2,42,16,3,10,Critical,4,1,1,CRITICAL,3
Fire,3,126,22,6,20,Medium,2,0,1,CRITICAL,3
Earthquake,2,145,28,7,38,High,3,1,1,CRITICAL,3
Cyclone,1,125,33,6,39,High,3,1,1,CRITICAL,3
Flood,0,242,76,13,86,Critical,4,1,1,CRITICAL,3
Cyclone,1,420,102,21,122,High,3,1,1,CRITICAL,3
Earthquake,2,124,41,9,35,High,3,1,1,CRITICAL,3
Cyclone,1,196,60,13,78,Critical,4,1,1,CRITICAL,3
Accident,5,6,0,1,3,Medium,2,0,1,MEDIUM,1
Earthquake,2,36,5,3,6,High,3,1,1,CRITICAL,3
Earthquake,2,123,28,10,33,High,3,1,1,CRITICAL,3
Fire,3,29,8,0,6,Medium,2,0,1,HIGH,2
Other,6,19,4,1,4,Medium,2,1,1,HIGH,2
Flood,0,112,35,5,38,Critical,4,1,1,CRITICAL,3
Fire,3,113,27,11,32,High,3,1,1,CRITICAL,3
Accident,5,93,4,3,4,Low,1,0,1,HIGH,2
Flood,0,422,81,23,133,High,3,1,1,CRITICAL,3
Cyclone,1,928,210,53,273,High,3,1,1,CRITICAL,3
Flood,0,65,19,7,25,Critical,4,1,1,CRITICAL,3
Earthquake,2,52,8,3,11,Medium,2,0,1,CRITICAL,3
Fire,3,292,22,8,30,Low,1,0,1,CRITICAL,3
Flood,0,570,158,35,238,Critical,4,1,1,CRITICAL,3
Other,6,107,15,4,23,Medium,2,0,1,CRITICAL,3
Fire,3,128,24,6,31,Medium,2,0,1,CRITICAL,3
Earthquake,2,637,131,32,192,High,3,1,1,CRITICAL,3
Other,6,14,1,0,1,Low,1,0,1,MEDIUM,1
Accident,5,8,1,1,3,High,3,1,1,HIGH,2
Earthquake,2,124,8,5,14,Low,1,0,1,CRITICAL,3
Earthquake,2,111,24,8,28,High,3,1,1,CRITICAL,3
Fire,3,49,6,1,9,Medium,2,1,1,CRITICAL,3
Accident,5,21,4,0,6,Critical,4,1,1,CRITICAL,3
Other,6,14,5,2,7,Critical,4,1,1,CRITICAL,3
Cyclone,1,87,21,3,19,High,3,1,1,CRITICAL,3
Earthquake,2,132,38,8,43,High,3,1,1,CRITICAL,3
Earthquake,2,239,66,13,87,High,3,1,1,CRITICAL,3
Flood,0,153,37,13,51,High,3,1,1,CRITICAL,3
Flood,0,184,53,16,74,Critical,4,1,1,CRITICAL,3
Flood,0,185,10,4,19,Low,1,0,0,CRITICAL,3
Cyclone,1,603,174,50,250,Critical,4,1,1,CRITICAL,3
Flood,0,100,10,0,8,Low,1,0,0,CRITICAL,3
Cyclone,1,28,7,4,11,High,3,1,1,CRITICAL,3
Cyclone,1,93,34,10,39,Critical,4,1,1,CRITICAL,3
Fire,3,59,13,6,21,High,3,1,1,CRITICAL,3
Earthquake,2,335,96,26,125,Critical,4,1,1,CRITICAL,3
Earthquake,2,960,302,70,398,Critical,4,1,1,CRITICAL,3
Earthquake,2,29,4,0,6,High,3,1,1,CRITICAL,3
Flood,0,276,47,10,60,Medium,2,1,1,CRITICAL,3
Flood,0,444,124,43,187,Critical,4,1,1,CRITICAL,3
Cyclone,1,102,30,3,36,High,3,1,1,CRITICAL,3
Flood,0,517,83,12,103,Medium,2,0,1,CRITICAL,3
Cyclone,1,871,127,26,190,Medium,2,0,1,CRITICAL,3
Landslide,4,36,3,1,2,Low,1,0,0,HIGH,2
Earthquake,2,62,8,4,11,Medium,2,1,1,CRITICAL,3
Fire,3,75,11,2,16,Medium,2,0,1,CRITICAL,3
Other,6,42,4,0,4,Low,1,0,0,HIGH,2
Cyclone,1,163,15,4,14,Low,1,0,0,CRITICAL,3
Landslide,4,132,35,6,32,High,3,1,1,CRITICAL,3
Earthquake,2,20,6,5,8,Critical,4,1,1,CRITICAL,3
Fire,3,16,4,1,5,Medium,2,1,1,HIGH,2
Landslide,4,46,9,5,10,High,3,1,1,CRITICAL,3
Fire,3,12,1,1,6,High,3,1,1,HIGH,2
Flood,0,474,102,33,136,High,3,1,1,CRITICAL,3
Flood,0,117,22,3,24,Medium,2,1,1,CRITICAL,3
Flood,0,737,213,41,286,Critical,4,1,1,CRITICAL,3
Earthquake,2,458,118,29,146,High,3,1,1,CRITICAL,3
Fire,3,79,22,3,33,Critical,4,1,1,CRITICAL,3
Flood,0,410,129,28,157,Critical,4,1,1,CRITICAL,3
Landslide,4,242,56,11,84,High,3,1,1,CRITICAL,3
Fire,3,30,7,2,12,Critical,4,1,1,CRITICAL,3
Flood,0,228,51,14,74,High,3,1,1,CRITICAL,3
Flood,0,321,78,22,101,High,3,1,1,CRITICAL,3
Fire,3,52,17,4,20,Critical,4,1,1,CRITICAL,3
Fire,3,96,19,6,24,High,3,1,1,CRITICAL,3
Other,6,13,0,0,2,Low,1,0,1,MEDIUM,1
Fire,3,86,19,5,23,High,3,1,1,CRITICAL,3
Cyclone,1,58,13,6,24,Critical,4,1,1,CRITICAL,3
Fire,3,38,8,1,6,Medium,2,1,1,CRITICAL,3
Cyclone,1,249,58,13,74,High,3,1,1,CRITICAL,3
Flood,0,203,36,11,52,High,3,1,1,CRITICAL,3
Other,6,85,9,6,7,Low,1,0,1,CRITICAL,3
Accident,5,51,7,2,7,Low,1,0,1,HIGH,2
Earthquake,2,162,31,5,29,Medium,2,1,1,CRITICAL,3
Landslide,4,114,28,5,37,High,3,1,1,CRITICAL,3
Cyclone,1,400,59,13,74,Medium,2,0,1,CRITICAL,3
Earthquake,2,327,104,34,132,Critical,4,1,1,CRITICAL,3
Landslide,4,42,5,4,11,Medium,2,0,1,CRITICAL,3
Earthquake,2,110,37,10,41,Critical,4,1,1,CRITICAL,3
Fire,3,79,23,7,32,Critical,4,1,1,CRITICAL,3
Fire,3,105,22,10,30,High,3,1,1,CRITICAL,3
Fire,3,53,6,2,3,Low,1,0,1,HIGH,2
Landslide,4,94,11,2,10,Low,1,0,1,CRITICAL,3
Accident,5,33,1,0,2,Low,1,0,1,MEDIUM,1
Cyclone,1,75,15,0,10,Medium,2,0,1,CRITICAL,3
Flood,0,77,2,0,5,Low,1,0,0,HIGH,2
Fire,3,74,4,8,26,High,3,1,1,CRITICAL,3
Accident,5,4,1,0,2,High,3,1,1,HIGH,2
Earthquake,2,78,22,2,28,High,3,1,1,CRITICAL,3
Earthquake,2,136,38,4,49,High,3,1,1,CRITICAL,3
Cyclone,1,215,39,9,49,Medium,2,1,1,CRITICAL,3
Earthquake,2,189,57,15,67,Critical,4,1,1,CRITICAL,3
Earthquake,2,378,54,7,86,Medium,2,0,1,CRITICAL,3
Flood,0,189,26,3,38,Medium,2,0,1,CRITICAL,3
Flood,0,75,9,4,14,Medium,2,0,1,CRITICAL,3
Flood,0,385,62,13,78,Medium,2,1,1,CRITICAL,3
Cyclone,1,362,101,44,127,Critical,4,1,1,CRITICAL,3
Fire,3,100,12,4,20,Medium,2,1,1,CRITICAL,3
Fire,3,263,53,11,69,High,3,1,1,CRITICAL,3
Cyclone,1,145,25,6,35,Medium,2,0,1,CRITICAL,3
Cyclone,1,142,45,7,52,Critical,4,1,1,CRITICAL,3
Fire,3,72,10,3,5,Low,1,0,1,CRITICAL,3
Cyclone,1,155,40,7,48,High,3,1,1,CRITICAL,3
Fire,3,88,19,4,27,High,3,1,1,CRITICAL,3
Accident,5,17,2,0,7,High,3,1,1,HIGH,2
Flood,0,33,7,4,15,Critical,4,1,1,CRITICAL,3
Earthquake,2,485,145,29,189,Critical,4,1,1,CRITICAL,3
Earthquake,2,296,27,3,26,Low,1,0,1,CRITICAL,3
Earthquake,2,562,37,13,54,Low,1,0,1,CRITICAL,3
Landslide,4,106,31,15,31,High,3,1,1,CRITICAL,3
Cyclone,1,33,5,2,9,High,3,1,1,CRITICAL,3
Flood,0,481,107,26,135,High,3,1,1,CRITICAL,3
Flood,0,326,94,19,115,Critical,4,1,1,CRITICAL,3
Earthquake,2,191,30,7,36,Medium,2,0,1,CRITICAL,3
Accident,5,22,1,0,3,Low,1,0,0,MEDIUM,1
Flood,0,324,50,13,54,Medium,2,1,1,CRITICAL,3
Cyclone,1,135,42,10,49,Critical,4,1,1,CRITICAL,3
Landslide,4,31,6,0,8,Medium,2,0,1,HIGH,2
Landslide,4,267,57,14,82,High,3,1,1,CRITICAL,3
Flood,0,141,47,7,56,Critical,4,1,1,CRITICAL,3
Landslide,4,207,6,4,21,Low,1,0,1,CRITICAL,3
Cyclone,1,358,45,21,70,Medium,2,1,1,CRITICAL,3
Fire,3,217,69,11,77,Critical,4,1,1,CRITICAL,3
Other,6,6,1,0,1,Medium,2,1,1,MEDIUM,1
Earthquake,2,171,47,8,54,High,3,1,1,CRITICAL,3
Other,6,14,1,2,4,High,3,1,1,HIGH,2
Landslide,4,63,16,4,14,High,3,1,1,CRITICAL,3
Flood,0,70,15,3,16,High,3,1,1,CRITICAL,3
Flood,0,54,12,5,20,Critical,4,1,1,CRITICAL,3
Cyclone,1,683,197,65,279,Critical,4,1,1,CRITICAL,3
Fire,3,186,41,8,53,High,3,1,1,CRITICAL,3
Cyclone,1,333,44,12,74,Medium,2,0,1,CRITICAL,3
Earthquake,2,48,10,4,14,High,3,1,1,CRITICAL,3
Flood,0,356,97,21,140,Critical,4,1,1,CRITICAL,3
Accident,5,30,0,1,4,Low,1,0,1,MEDIUM,1
Earthquake,2,69,13,7,16,High,3,1,1,CRITICAL,3
Other,6,73,3,3,7,Low,1,0,0,HIGH,2
Earthquake,2,665,148,46,187,High,3,1,1,CRITICAL,3
Fire,3,30,13,3,14,Critical,4,1,1,CRITICAL,3
Landslide,4,26,2,1,6,Medium,2,1,1,HIGH,2
Earthquake,2,263,40,8,70,Medium,2,1,1,CRITICAL,3
Landslide,4,76,21,7,32,Critical,4,1,1,CRITICAL,3
Earthquake,2,242,75,18,96,Critical,4,1,1,CRITICAL,3
Fire,3,264,61,9,76,High,3,1,1,CRITICAL,3
Fire,3,66,8,0,11,Medium,2,0,1,CRITICAL,3
Fire,3,45,7,1,11,Medium,2,1,1,CRITICAL,3
Landslide,4,143,40,8,44,High,3,1,1,CRITICAL,3
Fire,3,70,16,3,19,High,3,1,1,CRITICAL,3
Flood,0,334,54,12,59,Medium,2,0,1,CRITICAL,3
Earthquake,2,126,33,7,40,High,3,1,1,CRITICAL,3
Fire,3,226,32,11,47,Medium,2,0,1,CRITICAL,3
Other,6,15,0,1,5,High,3,1,1,HIGH,2
Fire,3,44,12,7,10,High,3,1,1,CRITICAL,3
Landslide,4,59,10,2,12,Medium,2,0,1,CRITICAL,3
Flood,0,172,40,15,51,High,3,1,1,CRITICAL,3
Earthquake,2,18,6,0,7,Critical,4,1,1,CRITICAL,3
Fire,3,191,43,14,60,High,3,1,1,CRITICAL,3
Fire,3,76,9,3,8,Medium,2,0,1,CRITICAL,3
Fire,3,30,7,2,2,Medium,2,1,1,HIGH,2
Cyclone,1,294,85,23,123,Critical,4,1,1,CRITICAL,3
Earthquake,2,374,62,35,115,High,3,1,1,CRITICAL,3
Accident,5,14,4,1,1,Low,1,0,1,MEDIUM,1
Fire,3,146,46,12,53,Critical,4,1,1,CRITICAL,3
Accident,5,33,4,0,6,Medium,2,0,1,HIGH,2
Fire,3,114,15,6,31,High,3,1,1,CRITICAL,3
Flood,0,106,31,7,40,Critical,4,1,1,CRITICAL,3
Cyclone,1,124,16,6,19,Medium,2,1,1,CRITICAL,3
Fire,3,121,28,9,40,Critical,4,1,1,CRITICAL,3
Accident,5,15,0,0,1,High,3,1,1,HIGH,2
Cyclone,1,639,206,47,247,Critical,4,1,1,CRITICAL,3
Cyclone,1,239,54,22,59,High,3,1,1,CRITICAL,3
Cyclone,1,415,83,22,126,High,3,1,1,CRITICAL,3
Cyclone,1,185,52,10,62,High,3,1,1,CRITICAL,3
Cyclone,1,348,76,22,109,High,3,1,1,CRITICAL,3
Earthquake,2,257,59,14,87,High,3,1,1,CRITICAL,3
Cyclone,1,151,23,7,36,Medium,2,1,1,CRITICAL,3
Accident,5,25,3,1,5,Low,1,0,1,HIGH,2
Flood,0,156,30,8,43,Medium,2,1,1,CRITICAL,3
Cyclone,1,28,9,2,7,Critical,4,1,1,CRITICAL,3
Fire,3,68,7,2,11,Medium,2,0,1,CRITICAL,3
Accident,5,2,0,0,0,Low,1,0,0,LOW,0
Cyclone,1,206,49,15,65,Critical,4,1,1,CRITICAL,3
Fire,3,26,1,0,4,Low,1,0,1,MEDIUM,1
Flood,0,32,10,4,11,High,3,1,1,CRITICAL,3
Earthquake,2,219,44,11,60,High,3,1,1,CRITICAL,3
Flood,0,57,12,3,15,Medium,2,1,1,CRITICAL,3
Other,6,12,3,0,0,Low,1,0,1,MEDIUM,1
Flood,0,1005,74,23,112,Low,1,0,1,CRITICAL,3
Flood,0,48,5,1,12,Medium,2,1,1,CRITICAL,3
Cyclone,1,243,55,15,80,High,3,1,1,CRITICAL,3
Flood,0,191,49,9,50,High,3,1,1,CRITICAL,3
Earthquake,2,67,17,7,27,High,3,1,1,CRITICAL,3
Flood,0,1180,332,104,480,Critical,4,1,1,CRITICAL,3
Fire,3,427,108,15,120,High,3,1,1,CRITICAL,3
Fire,3,91,18,6,17,Medium,2,0,1,CRITICAL,3
Accident,5,73,15,7,19,High,3,1,1,CRITICAL,3
Cyclone,1,25,4,1,7,High,3,1,1,CRITICAL,3
Flood,0,184,35,16,53,High,3,1,1,CRITICAL,3
Cyclone,1,198,42,12,59,High,3,1,1,CRITICAL,3
Earthquake,2,307,76,17,86,High,3,1,1,CRITICAL,3
Landslide,4,192,15,3,11,Low,1,0,1,CRITICAL,3
Flood,0,687,148,28,232,High,3,1,1,CRITICAL,3
Fire,3,126,33,9,33,High,3,1,1,CRITICAL,3
Fire,3,38,13,1,6,High,3,1,1,CRITICAL,3
Earthquake,2,355,85,22,99,High,3,1,1,CRITICAL,3
Other,6,15,2,0,1,Low,1,0,0,MEDIUM,1
Earthquake,2,105,19,8,27,High,3,1,1,CRITICAL,3
Accident,5,19,1,1,0,Low,1,0,1,MEDIUM,1
Earthquake,2,563,85,25,130,Medium,2,0,1,CRITICAL,3
Cyclone,1,450,105,26,130,High,3,1,1,CRITICAL,3
Landslide,4,35,5,5,12,High,3,1,1,CRITICAL,3
Flood,0,282,75,15,74,High,3,1,1,CRITICAL,3
Accident,5,54,1,2,1,Low,1,0,0,HIGH,2
Flood,0,307,86,17,133,Critical,4,1,1,CRITICAL,3
Fire,3,39,10,3,18,Critical,4,1,1,CRITICAL,3
Other,6,2,0,0,0,Low,1,0,1,LOW,0
Flood,0,344,104,25,150,Critical,4,1,1,CRITICAL,3
Fire,3,39,17,5,13,Critical,4,1,1,CRITICAL,3
Flood,0,177,24,9,41,Medium,2,1,1,CRITICAL,3
Fire,3,8,0,0,4,Critical,4,1,1,CRITICAL,3
Cyclone,1,255,57,15,74,High,3,1,1,CRITICAL,3
Landslide,4,137,48,14,55,Critical,4,1,1,CRITICAL,3
Fire,3,30,8,2,5,High,3,1,1,CRITICAL,3
Fire,3,81,13,2,23,Medium,2,1,1,CRITICAL,3
Cyclone,1,273,41,12,49,Medium,2,1,1,CRITICAL,3
Flood,0,113,17,4,18,Medium,2,1,1,CRITICAL,3
Earthquake,2,119,25,9,25,High,3,1,1,CRITICAL,3
Landslide,4,14,4,4,3,Medium,2,1,1,HIGH,2
Fire,3,133,29,7,31,High,3,1,1,CRITICAL,3
Cyclone,1,345,69,18,117,High,3,1,1,CRITICAL,3
Cyclone,1,111,21,6,28,High,3,1,1,CRITICAL,3
Flood,0,190,48,14,50,High,3,1,1,CRITICAL,3
Accident,5,52,4,2,4,Low,1,0,1,HIGH,2
Other,6,40,8,1,4,Medium,2,1,1,HIGH,2
Flood,0,737,170,53,208,High,3,1,1,CRITICAL,3
Earthquake,2,369,55,8,77,Medium,2,1,1,CRITICAL,3
Earthquake,2,170,10,5,13,Low,1,0,1,CRITICAL,3
Landslide,4,38,9,3,13,High,3,1,1,CRITICAL,3
Earthquake,2,326,19,9,29,Low,1,0,1,CRITICAL,3
Cyclone,1,132,28,4,36,High,3,1,1,CRITICAL,3
Fire,3,118,19,5,23,Medium,2,0,1,CRITICAL,3
Cyclone,1,219,43,17,62,High,3,1,1,CRITICAL,3
Flood,0,829,112,43,169,Medium,2,1,1,CRITICAL,3
Accident,5,126,26,5,38,High,3,1,1,CRITICAL,3
Flood,0,324,64,23,89,High,3,1,1,CRITICAL,3
Fire,3,68,8,3,17,High,3,1,1,CRITICAL,3
Fire,3,13,1,1,5,Medium,2,0,1,HIGH,2
Flood,0,279,19,6,34,Low,1,0,0,CRITICAL,3
Accident,5,39,9,3,5,Medium,2,0,1,CRITICAL,3
Cyclone,1,97,14,5,27,High,3,1,1,CRITICAL,3
Fire,3,17,4,2,4,High,3,1,1,HIGH,2
Cyclone,1,145,41,11,43,High,3,1,1,CRITICAL,3
Earthquake,2,106,18,4,21,Medium,2,1,1,CRITICAL,3
Cyclone,1,126,36,15,54,Critical,4,1,1,CRITICAL,3
Earthquake,2,237,68,13,99,Critical,4,1,1,CRITICAL,3
Cyclone,1,346,44,18,65,Medium,2,0,1,CRITICAL,3
Earthquake,2,814,130,33,165,Medium,2,1,1,CRITICAL,3
Flood,0,75,13,9,17,High,3,1,1,CRITICAL,3
Fire,3,81,13,6,22,High,3,1,1,CRITICAL,3
Fire,3,37,6,2,12,Critical,4,1,1,CRITICAL,3
Flood,0,87,15,12,23,High,3,1,1,CRITICAL,3
Accident,5,16,1,1,3,Medium,2,1,1,HIGH,2
Landslide,4,101,29,7,39,Critical,4,1,1,CRITICAL,3
Landslide,4,15,5,2,4,High,3,1,1,HIGH,2
Flood,0,152,36,10,42,High,3,1,1,CRITICAL,3
Cyclone,1,353,123,25,137,Critical,4,1,1,CRITICAL,3
Flood,0,746,170,35,232,High,3,1,1,CRITICAL,3
Cyclone,1,362,90,21,111,High,3,1,1,CRITICAL,3
Fire,3,90,8,1,11,Low,1,0,1,CRITICAL,3
Landslide,4,33,6,0,2,Medium,2,1,1,HIGH,2
Fire,3,59,18,5,18,Critical,4,1,1,CRITICAL,3
Flood,0,96,23,7,24,High,3,1,1,CRITICAL,3
Landslide,4,109,20,8,33,High,3,1,1,CRITICAL,3
Flood,0,454,88,33,148,High,3,1,1,CRITICAL,3
Flood,0,132,28,14,58,Critical,4,1,1,CRITICAL,3
Accident,5,28,8,2,5,Medium,2,1,1,HIGH,2
Flood,0,182,45,14,61,High,3,1,1,CRITICAL,3
Earthquake,2,44,4,1,4,Low,1,0,0,HIGH,2
Fire,3,83,21,3,29,High,3,1,1,CRITICAL,3
Earthquake,2,866,189,54,250,High,3,1,1,CRITICAL,3
Flood,0,517,127,30,168,High,3,1,1,CRITICAL,3
Other,6,57,11,2,10,Medium,2,0,1,CRITICAL,3
Fire,3,224,37,10,40,Medium,2,0,1,CRITICAL,3
Fire,3,53,10,0,18,High,3,1,1,CRITICAL,3
Flood,0,495,150,37,209,Critical,4,1,1,CRITICAL,3
Other,6,7,0,0,1,Low,1,0,1,MEDIUM,1
Cyclone,1,102,16,10,28,High,3,1,1,CRITICAL,3
Flood,0,398,49,22,78,Medium,2,1,1,CRITICAL,3
Fire,3,46,9,5,11,High,3,1,1,CRITICAL,3
Flood,0,247,37,8,54,Medium,2,0,1,CRITICAL,3
Flood,0,39,10,3,15,High,3,1,1,CRITICAL,3
Earthquake,2,546,140,38,234,Critical,4,1,1,CRITICAL,3
Accident,5,35,3,1,7,Low,1,0,0,HIGH,2
Accident,5,81,9,0,12,Low,1,0,0,CRITICAL,3
Fire,3,9,2,0,3,High,3,1,1,HIGH,2
Landslide,4,3,0,0,1,Low,1,0,1,MEDIUM,1
Fire,3,44,7,2,3,Low,1,0,0,HIGH,2
Accident,5,27,1,0,1,Low,1,0,0,MEDIUM,1
Flood,0,287,34,10,57,Medium,2,0,1,CRITICAL,3
Fire,3,19,0,0,2,Low,1,0,1,MEDIUM,1
Cyclone,1,629,187,45,243,Critical,4,1,1,CRITICAL,3
Flood,0,61,15,5,17,High,3,1,1,CRITICAL,3
Accident,5,36,9,3,12,High,3,1,1,CRITICAL,3
Earthquake,2,78,19,7,26,High,3,1,1,CRITICAL,3
Other,6,13,0,1,1,Low,1,0,1,MEDIUM,1
Fire,3,20,5,0,2,High,3,1,1,HIGH,2
Earthquake,2,227,67,25,81,Critical,4,1,1,CRITICAL,3
Cyclone,1,284,69,22,117,Critical,4,1,1,CRITICAL,3
Cyclone,1,306,87,15,115,Critical,4,1,1,CRITICAL,3
Cyclone,1,506,143,32,219,Critical,4,1,1,CRITICAL,3
Landslide,4,8,1,0,4,High,3,1,1,HIGH,2
Landslide,4,54,10,1,17,High,3,1,1,CRITICAL,3
Earthquake,2,259,72,16,92,High,3,1,1,CRITICAL,3
Flood,0,334,66,18,98,High,3,1,1,CRITICAL,3
Accident,5,44,4,1,10,Medium,2,0,1,HIGH,2
Cyclone,1,465,139,33,192,Critical,4,1,1,CRITICAL,3
Accident,5,197,32,4,26,Medium,2,0,1,CRITICAL,3
Fire,3,48,3,2,8,Low,1,0,1,HIGH,2
Earthquake,2,326,26,6,33,Low,1,0,1,CRITICAL,3
Fire,3,8,3,0,2,High,3,1,1,HIGH,2
Flood,0,550,116,32,170,High,3,1,1,CRITICAL,3
Fire,3,293,69,31,112,Critical,4,1,1,CRITICAL,3
Accident,5,12,3,0,2,High,3,1,1,HIGH,2
Fire,3,32,8,0,4,Medium,2,0,1,HIGH,2
Fire,3,33,9,0,11,Critical,4,1,1,CRITICAL,3
Landslide,4,24,7,0,7,Medium,2,0,1,HIGH,2
Accident,5,16,3,0,3,Medium,2,1,1,HIGH,2
Flood,0,47,12,3,17,Critical,4,1,1,CRITICAL,3
Flood,0,53,3,0,16,Medium,2,0,1,CRITICAL,3
Fire,3,14,3,2,7,High,3,1,1,HIGH,2
Landslide,4,89,7,3,12,Low,1,0,0,CRITICAL,3
Fire,3,4,0,0,2,Medium,2,0,1,MEDIUM,1
Landslide,4,17,2,1,4,High,3,1,1,HIGH,2
Flood,0,521,168,35,205,Critical,4,1,1,CRITICAL,3
Fire,3,114,7,2,14,Low,1,0,0,CRITICAL,3
Flood,0,650,140,39,164,High,3,1,1,CRITICAL,3
Landslide,4,58,6,4,13,Medium,2,1,1,CRITICAL,3
Cyclone,1,108,26,5,28,High,3,1,1,CRITICAL,3
Landslide,4,370,23,8,36,Low,1,0,1,CRITICAL,3
Cyclone,1,240,40,18,65,High,3,1,1,CRITICAL,3
Fire,3,77,14,1,19,Medium,2,1,1,CRITICAL,3
Flood,0,300,72,20,83,High,3,1,1,CRITICAL,3
Earthquake,2,488,72,19,93,Medium,2,1,1,CRITICAL,3
Earthquake,2,444,95,20,131,High,3,1,1,CRITICAL,3
Other,6,38,12,2,6,High,3,1,1,CRITICAL,3
Accident,5,12,1,2,0,Low,1,0,1,HIGH,2
Cyclone,1,623,79,23,116,Medium,2,1,1,CRITICAL,3
Cyclone,1,268,79,36,108,Critical,4,1,1,CRITICAL,3
Flood,0,246,66,19,104,Critical,4,1,1,CRITICAL,3
Earthquake,2,587,131,38,194,High,3,1,1,CRITICAL,3
Cyclone,1,103,28,7,34,High,3,1,1,CRITICAL,3
Landslide,4,173,31,9,59,High,3,1,1,CRITICAL,3
Cyclone,1,440,129,32,175,Critical,4,1,1,CRITICAL,3
Landslide,4,82,8,1,19,Medium,2,0,1,CRITICAL,3
Flood,0,156,25,9,51,High,3,1,1,CRITICAL,3
Accident,5,24,4,2,5,Medium,2,1,1,HIGH,2
Earthquake,2,86,16,3,15,Medium,2,1,1,CRITICAL,3
Earthquake,2,446,89,33,131,High,3,1,1,CRITICAL,3
Flood,0,619,184,58,244,Critical,4,1,1,CRITICAL,3
Cyclone,1,95,11,5,16,Medium,2,1,1,CRITICAL,3
Flood,0,133,35,14,58,Critical,4,1,1,CRITICAL,3
Accident,5,13,1,1,1,Medium,2,1,1,HIGH,2
Fire,3,79,18,4,23,High,3,1,1,CRITICAL,3
Accident,5,79,7,0,11,Low,1,0,1,CRITICAL,3
Landslide,4,146,52,14,63,Critical,4,1,1,CRITICAL,3
Cyclone,1,142,38,4,42,High,3,1,1,CRITICAL,3
Landslide,4,60,23,3,18,Critical,4,1,1,CRITICAL,3
Cyclone,1,318,67,15,88,High,3,1,1,CRITICAL,3
Flood,0,83,17,2,30,High,3,1,1,CRITICAL,3
Flood,0,370,124,33,146,Critical,4,1,1,CRITICAL,3
Cyclone,1,227,71,14,107,Critical,4,1,1,CRITICAL,3
Earthquake,2,1055,226,76,315,High,3,1,1,CRITICAL,3
Accident,5,17,2,0,4,Medium,2,0,1,HIGH,2
Earthquake,2,381,43,16,67,Medium,2,0,1,CRITICAL,3
Fire,3,17,1,0,2,Low,1,0,1,MEDIUM,1
Landslide,4,46,12,2,12,High,3,1,1,CRITICAL,3
Earthquake,2,114,34,13,40,Critical,4,1,1,CRITICAL,3
Fire,3,7,2,1,3,High,3,1,1,HIGH,2
Cyclone,1,28,7,0,9,High,3,1,1,CRITICAL,3
Flood,0,161,39,13,52,High,3,1,1,CRITICAL,3
Flood,0,148,23,7,32,Medium,2,1,1,CRITICAL,3
Accident,5,73,9,2,18,Medium,2,1,1,CRITICAL,3
Fire,3,72,19,5,24,Critical,4,1,1,CRITICAL,3
Cyclone,1,82,14,6,17,Medium,2,1,1,CRITICAL,3
Flood,0,353,64,11,71,Medium,2,1,1,CRITICAL,3
Fire,3,41,6,2,13,High,3,1,1,CRITICAL,3
Accident,5,19,1,1,1,Low,1,0,0,MEDIUM,1
Earthquake,2,449,146,33,186,Critical,4,1,1,CRITICAL,3
Earthquake,2,136,16,5,19,Low,1,0,1,CRITICAL,3
Earthquake,2,789,239,71,319,Critical,4,1,1,CRITICAL,3
Fire,3,54,9,1,10,High,3,1,1,CRITICAL,3
Fire,3,100,22,6,29,High,3,1,1,CRITICAL,3
Flood,0,564,77,12,125,Medium,2,1,1,CRITICAL,3
Other,6,96,13,5,13,Medium,2,0,1,CRITICAL,3
Earthquake,2,119,13,3,8,Low,1,0,0,CRITICAL,3
Other,6,46,11,6,11,Medium,2,0,1,CRITICAL,3
Flood,0,166,33,14,54,High,3,1,1,CRITICAL,3
Other,6,20,2,2,4,Medium,2,1,1,HIGH,2
Fire,3,160,23,4,39,Medium,2,0,1,CRITICAL,3
Earthquake,2,59,7,3,11,Medium,2,0,1,CRITICAL,3
Flood,0,143,38,15,70,Critical,4,1,1,CRITICAL,3
Accident,5,108,9,4,13,Low,1,0,1,CRITICAL,3
Earthquake,2,255,39,10,60,Medium,2,1,1,CRITICAL,3
Landslide,4,111,8,1,10,Low,1,0,1,CRITICAL,3
Cyclone,1,59,1,2,8,Low,1,0,1,HIGH,2
Earthquake,2,17,4,3,6,Critical,4,1,1,CRITICAL,3
Fire,3,12,1,0,2,High,3,1,1,HIGH,2
Accident,5,25,4,1,1,Low,1,0,1,MEDIUM,1
Cyclone,1,84,21,3,27,Critical,4,1,1,CRITICAL,3
Accident,5,120,20,1,23,Medium,2,1,1,CRITICAL,3
Cyclone,1,818,244,57,337,Critical,4,1,1,CRITICAL,3
Flood,0,287,88,17,111,Critical,4,1,1,CRITICAL,3
Landslide,4,29,7,3,10,High,3,1,1,CRITICAL,3
Earthquake,2,166,16,7,36,Medium,2,0,1,CRITICAL,3
Flood,0,55,19,5,15,High,3,1,1,CRITICAL,3
Earthquake,2,177,53,11,62,Critical,4,1,1,CRITICAL,3
Landslide,4,77,16,3,27,High,3,1,1,CRITICAL,3
Flood,0,32,6,2,8,Medium,2,0,1,CRITICAL,3
Fire,3,164,30,8,31,Medium,2,1,1,CRITICAL,3
Cyclone,1,510,148,51,181,Critical,4,1,1,CRITICAL,3
Accident,5,18,4,1,5,Medium,2,0,1,HIGH,2
Earthquake,2,248,49,15,66,High,3,1,1,CRITICAL,3
Landslide,4,105,11,2,19,Medium,2,1,1,CRITICAL,3
Fire,3,12,1,0,2,Low,1,0,0,MEDIUM,1
Earthquake,2,54,6,2,11,Medium,2,0,1,CRITICAL,3
Fire,3,82,12,5,20,Medium,2,1,1,CRITICAL,3
Earthquake,2,750,112,23,139,Medium,2,0,1,CRITICAL,3
Flood,0,107,23,3,29,High,3,1,1,CRITICAL,3
Fire,3,38,9,2,17,Critical,4,1,1,CRITICAL,3
Cyclone,1,426,112,31,110,High,3,1,1,CRITICAL,3
Landslide,4,109,35,12,33,High,3,1,1,CRITICAL,3
Flood,0,41,5,1,8,Medium,2,0,1,HIGH,2
Cyclone,1,519,114,43,141,High,3,1,1,CRITICAL,3
Accident,5,10,0,0,3,Low,1,0,1,MEDIUM,1
Landslide,4,133,11,2,14,Low,1,0,1,CRITICAL,3
Cyclone,1,1178,260,77,343,High,3,1,1,CRITICAL,3
Fire,3,33,7,4,3,Medium,2,0,1,HIGH,2
Accident,5,59,8,2,19,Medium,2,0,1,CRITICAL,3
Earthquake,2,94,24,5,27,High,3,1,1,CRITICAL,3
Accident,5,28,8,1,14,Critical,4,1,1,CRITICAL,3
Earthquake,2,251,76,18,101,Critical,4,1,1,CRITICAL,3
Other,6,74,12,0,18,Medium,2,1,1,CRITICAL,3
Accident,5,19,1,0,7,Medium,2,0,1,HIGH,2
Other,6,12,0,0,3,Medium,2,1,1,HIGH,2
Fire,3,6,3,2,2,Critical,4,1,1,CRITICAL,3
Flood,0,95,18,11,27,High,3,1,1,CRITICAL,3
Landslide,4,260,21,3,15,Low,1,0,0,CRITICAL,3
Accident,5,74,4,1,5,Low,1,0,1,HIGH,2
Landslide,4,21,4,0,5,High,3,1,1,HIGH,2
Flood,0,209,67,21,80,Critical,4,1,1,CRITICAL,3
Cyclone,1,103,26,5,41,Critical,4,1,1,CRITICAL,3
Earthquake,2,8,4,0,3,High,3,1,1,HIGH,2
Accident,5,44,3,1,6,Low,1,0,0,HIGH,2
Cyclone,1,214,54,24,65,High,3,1,1,CRITICAL,3
Flood,0,894,148,27,185,Medium,2,1,1,CRITICAL,3
Fire,3,119,34,8,37,High,3,1,1,CRITICAL,3
Earthquake,2,230,28,10,42,Medium,2,0,1,CRITICAL,3
Cyclone,1,60,6,2,9,Medium,2,1,1,CRITICAL,3
Flood,0,230,16,4,27,Low,1,0,1,CRITICAL,3
Fire,3,153,9,3,14,Low,1,0,0,CRITICAL,3
Flood,0,394,123,34,164,Critical,4,1,1,CRITICAL,3
Fire,3,110,25,6,27,High,3,1,1,CRITICAL,3
Earthquake,2,439,137,41,187,Critical,4,1,1,CRITICAL,3
Flood,0,417,87,32,123,High,3,1,1,CRITICAL,3
Landslide,4,69,13,3,29,Critical,4,1,1,CRITICAL,3
Cyclone,1,1058,300,78,414,Critical,4,1,1,CRITICAL,3
Landslide,4,67,8,2,10,Low,1,0,1,CRITICAL,3
Earthquake,2,606,44,3,57,Low,1,0,0,CRITICAL,3
Fire,3,21,3,0,4,Medium,2,1,1,HIGH,2
Flood,0,559,112,36,154,High,3,1,1,CRITICAL,3
Earthquake,2,210,46,17,63,High,3,1,1,CRITICAL,3
Fire,3,20,2,0,2,Low,1,0,1,MEDIUM,1
Earthquake,2,59,4,1,3,Low,1,0,1,HIGH,2
Accident,5,46,6,3,15,High,3,1,1,CRITICAL,3
Earthquake,2,307,86,24,125,Critical,4,1,1,CRITICAL,3
Fire,3,70,22,5,29,Critical,4,1,1,CRITICAL,3
Cyclone,1,46,11,5,17,High,3,1,1,CRITICAL,3
Accident,5,17,2,0,5,Low,1,0,1,MEDIUM,1
Landslide,4,93,23,8,35,High,3,1,1,CRITICAL,3
Flood,0,105,25,3,34,High,3,1,1,CRITICAL,3
Fire,3,38,6,3,14,High,3,1,1,CRITICAL,3
Earthquake,2,389,121,30,147,Critical,4,1,1,CRITICAL,3
Flood,0,513,116,26,147,High,3,1,1,CRITICAL,3
Flood,0,231,34,11,52,Medium,2,0,1,CRITICAL,3
Flood,0,259,71,16,108,Critical,4,1,1,CRITICAL,3
Earthquake,2,556,104,31,169,High,3,1,1,CRITICAL,3
Fire,3,83,14,3,20,High,3,1,1,CRITICAL,3
Cyclone,1,106,21,8,36,High,3,1,1,CRITICAL,3
Accident,5,13,1,0,1,Low,1,0,1,MEDIUM,1
Earthquake,2,45,9,4,13,Critical,4,1,1,CRITICAL,3
Landslide,4,81,30,8,39,Critical,4,1,1,CRITICAL,3
Landslide,4,70,10,3,16,Medium,2,1,1,CRITICAL,3
Accident,5,33,6,0,8,Critical,4,1,1,CRITICAL,3
Fire,3,133,44,13,53,Critical,4,1,1,CRITICAL,3
Flood,0,75,6,3,7,Low,1,0,1,CRITICAL,3
Flood,0,131,41,10,48,Critical,4,1,1,CRITICAL,3
Cyclone,1,130,47,8,49,Critical,4,1,1,CRITICAL,3
Fire,3,43,13,1,11,High,3,1,1,CRITICAL,3
Earthquake,2,419,84,21,131,High,3,1,1,CRITICAL,3
Flood,0,161,30,12,50,High,3,1,1,CRITICAL,3
Earthquake,2,270,58,16,81,High,3,1,1,CRITICAL,3
Fire,3,34,11,1,12,High,3,1,1,CRITICAL,3
Flood,0,144,39,11,52,Critical,4,1,1,CRITICAL,3
Fire,3,285,59,25,91,High,3,1,1,CRITICAL,3
Other,6,7,1,1,2,Medium,2,0,1,MEDIUM,1
Cyclone,1,145,45,18,50,Critical,4,1,1,CRITICAL,3
Earthquake,2,402,122,27,175,Critical,4,1,1,CRITICAL,3
Other,6,27,5,1,4,Medium,2,1,1,HIGH,2
Landslide,4,93,22,6,33,Critical,4,1,1,CRITICAL,3
Flood,0,40,10,2,11,High,3,1,1,CRITICAL,3
Earthquake,2,520,139,47,216,Critical,4,1,1,CRITICAL,3
Landslide,4,146,23,4,28,Medium,2,1,1,CRITICAL,3
Flood,0,491,103,35,146,High,3,1,1,CRITICAL,3
Accident,5,20,0,0,3,Medium,2,1,1,HIGH,2
Accident,5,58,5,2,6,Low,1,0,0,HIGH,2
Flood,0,115,37,12,45,Critical,4,1,1,CRITICAL,3
Flood,0,79,11,4,23,Medium,2,1,1,CRITICAL,3
Cyclone,1,1623,114,30,161,Low,1,0,1,CRITICAL,3
Accident,5,16,3,3,6,High,3,1,1,HIGH,2
Flood,0,15,4,0,1,Medium,2,0,1,HIGH,2
Accident,5,9,0,0,0,High,3,1,1,HIGH,2
Accident,5,35,5,2,2,Low,1,0,0,HIGH,2
Other,6,28,4,5,10,Critical,4,1,1,CRITICAL,3
Flood,0,299,92,25,111,Critical,4,1,1,CRITICAL,3
Flood,0,821,251,70,348,Critical,4,1,1,CRITICAL,3
Earthquake,2,111,18,3,22,Medium,2,0,1,CRITICAL,3
Cyclone,1,114,25,8,24,High,3,1,1,CRITICAL,3
Fire,3,254,54,13,48,Medium,2,0,1,CRITICAL,3
Accident,5,27,1,1,4,Medium,2,0,1,HIGH,2
Landslide,4,42,4,2,14,Medium,2,0,1,CRITICAL,3
Landslide,4,36,6,2,14,High,3,1,1,CRITICAL,3
Accident,5,16,4,1,5,Medium,2,1,1,HIGH,2
Cyclone,1,78,21,8,37,Critical,4,1,1,CRITICAL,3
Landslide,4,96,13,2,14,Medium,2,1,1,CRITICAL,3
Other,6,13,1,1,5,Critical,4,1,1,CRITICAL,3
Landslide,4,134,38,5,40,High,3,1,1,CRITICAL,3
Flood,0,157,37,15,45,High,3,1,1,CRITICAL,3
Flood,0,30,6,1,12,High,3,1,1,CRITICAL,3
Cyclone,1,672,145,32,182,High,3,1,1,CRITICAL,3
Cyclone,1,151,25,10,36,Medium,2,0,1,CRITICAL,3
Flood,0,121,18,5,21,Medium,2,1,1,CRITICAL,3
Fire,3,37,5,1,7,High,3,1,1,CRITICAL,3
Cyclone,1,84,19,6,29,High,3,1,1,CRITICAL,3
Fire,3,149,24,6,39,Medium,2,0,1,CRITICAL,3
Cyclone,1,256,35,16,62,Medium,2,0,1,CRITICAL,3
Flood,0,220,15,9,17,Low,1,0,1,CRITICAL,3
Cyclone,1,259,48,16,75,High,3,1,1,CRITICAL,3
Accident,5,13,0,1,0,Low,1,0,1,MEDIUM,1
Cyclone,1,279,75,12,118,Critical,4,1,1,CRITICAL,3
Fire,3,42,3,1,11,Medium,2,0,1,HIGH,2
Fire,3,233,37,14,41,Medium,2,0,1,CRITICAL,3
Cyclone,1,146,32,8,48,High,3,1,1,CRITICAL,3
Cyclone,1,128,46,15,53,Critical,4,1,1,CRITICAL,3
Earthquake,2,92,28,12,32,Critical,4,1,1,CRITICAL,3
Other,6,71,17,1,13,Medium,2,1,1,CRITICAL,3
Accident,5,39,8,2,4,Medium,2,1,1,CRITICAL,3
Flood,0,221,60,20,86,Critical,4,1,1,CRITICAL,3
Landslide,4,96,12,8,22,Medium,2,0,1,CRITICAL,3
Flood,0,223,61,13,69,High,3,1,1,CRITICAL,3
Flood,0,282,42,15,58,Medium,2,0,1,CRITICAL,3
Fire,3,8,1,1,1,Medium,2,1,1,HIGH,2
Fire,3,5,1,1,0,Medium,2,0,1,MEDIUM,1
Cyclone,1,489,27,13,45,Low,1,0,0,CRITICAL,3
Cyclone,1,280,31,5,59,Medium,2,1,1,CRITICAL,3
Accident,5,21,3,2,1,Medium,2,1,1,HIGH,2
Fire,3,134,45,12,58,Critical,4,1,1,CRITICAL,3
Accident,5,118,25,7,37,High,3,1,1,CRITICAL,3
Earthquake,2,128,25,8,41,High,3,1,1,CRITICAL,3
Cyclone,1,102,35,10,42,Critical,4,1,1,CRITICAL,3
Earthquake,2,114,25,5,36,High,3,1,1,CRITICAL,3
Accident,5,7,2,1,3,Critical,4,1,1,CRITICAL,3
Flood,0,27,10,4,9,Critical,4,1,1,CRITICAL,3
Landslide,4,121,21,3,21,Medium,2,1,1,CRITICAL,3
Fire,3,34,5,1,11,Medium,2,0,1,HIGH,2
Landslide,4,164,27,4,40,Medium,2,1,1,CRITICAL,3
Fire,3,152,42,13,61,Critical,4,1,1,CRITICAL,3
Flood,0,53,8,0,6,Medium,2,1,1,CRITICAL,3
Cyclone,1,128,34,6,31,High,3,1,1,CRITICAL,3
Fire,3,31,5,0,9,Medium,2,1,1,HIGH,2
Flood,0,429,34,11,46,Low,1,0,1,CRITICAL,3
Accident,5,14,3,0,5,Medium,2,0,1,HIGH,2
Cyclone,1,314,41,14,76,Medium,2,0,1,CRITICAL,3
Flood,0,513,151,38,176,Critical,4,1,1,CRITICAL,3
Cyclone,1,146,27,6,34,Medium,2,1,1,CRITICAL,3
Cyclone,1,214,72,25,97,Critical,4,1,1,CRITICAL,3
Cyclone,1,86,19,10,33,Critical,4,1,1,CRITICAL,3
Fire,3,84,24,4,32,Critical,4,1,1,CRITICAL,3
Fire,3,13,0,0,1,Low,1,0,1,MEDIUM,1
Earthquake,2,88,25,8,34,Critical,4,1,1,CRITICAL,3
Other,6,19,0,0,3,Low,1,0,0,MEDIUM,1
Flood,0,766,100,22,152,Medium,2,0,1,CRITICAL,3
Fire,3,102,8,2,7,Low,1,0,1,CRITICAL,3
Flood,0,389,85,22,118,High,3,1,1,CRITICAL,3
Cyclone,1,67,18,9,19,High,3,1,1,CRITICAL,3
Cyclone,1,76,24,6,25,Critical,4,1,1,CRITICAL,3
Other,6,9,2,1,1,Low,1,0,1,MEDIUM,1
Fire,3,30,4,1,9,High,3,1,1,CRITICAL,3
Cyclone,1,57,13,4,24,High,3,1,1,CRITICAL,3
Flood,0,564,134,38,162,High,3,1,1,CRITICAL,3
Flood,0,57,13,6,17,High,3,1,1,CRITICAL,3
Cyclone,1,577,151,45,252,Critical,4,1,1,CRITICAL,3
Accident,5,20,6,1,8,High,3,1,1,CRITICAL,3
Flood,0,245,61,25,75,High,3,1,1,CRITICAL,3
Cyclone,1,142,39,9,65,Critical,4,1,1,CRITICAL,3
Landslide,4,12,1,0,4,Medium,2,1,1,HIGH,2
Flood,0,87,19,7,27,Medium,2,1,1,CRITICAL,3
Flood,0,87,27,5,38,Critical,4,1,1,CRITICAL,3
Earthquake,2,55,11,1,7,Medium,2,1,1,CRITICAL,3
Fire,3,18,2,2,2,Medium,2,0,1,HIGH,2
Fire,3,97,11,4,18,Medium,2,1,1,CRITICAL,3
Flood,0,193,35,14,49,High,3,1,1,CRITICAL,3
Fire,3,121,18,8,21,Medium,2,0,1,CRITICAL,3
Cyclone,1,115,29,8,39,High,3,1,1,CRITICAL,3
Cyclone,1,89,33,9,31,Critical,4,1,1,CRITICAL,3
Accident,5,158,27,3,59,High,3,1,1,CRITICAL,3
Landslide,4,25,3,1,4,Medium,2,1,1,HIGH,2
Earthquake,2,182,44,11,55,High,3,1,1,CRITICAL,3
Other,6,23,2,0,7,Medium,2,0,1,HIGH,2
Landslide,4,68,19,6,34,Critical,4,1,1,CRITICAL,3
Landslide,4,75,11,4,7,Low,1,0,0,CRITICAL,3
Fire,3,151,32,6,44,High,3,1,1,CRITICAL,3
Accident,5,5,1,0,2,Medium,2,1,1,MEDIUM,1
Landslide,4,32,9,1,10,High,3,1,1,CRITICAL,3
Earthquake,2,400,86,20,111,High,3,1,1,CRITICAL,3
Cyclone,1,121,27,8,36,High,3,1,1,CRITICAL,3
Accident,5,39,0,0,3,Low,1,0,1,MEDIUM,1
Fire,3,197,42,18,59,High,3,1,1,CRITICAL,3
Landslide,4,106,24,6,35,High,3,1,1,CRITICAL,3
Fire,3,83,23,5,28,High,3,1,1,CRITICAL,3
Landslide,4,128,42,9,51,Critical,4,1,1,CRITICAL,3
Fire,3,12,1,0,2,Low,1,0,1,MEDIUM,1
Accident,5,21,3,1,1,Low,1,0,1,MEDIUM,1
Cyclone,1,285,81,23,111,Critical,4,1,1,CRITICAL,3
Earthquake,2,306,68,27,81,High,3,1,1,CRITICAL,3
Flood,0,274,93,22,115,Critical,4,1,1,CRITICAL,3
Fire,3,44,6,2,9,High,3,1,1,CRITICAL,3
Landslide,4,87,6,2,13,Medium,2,0,1,CRITICAL,3
Flood,0,243,40,20,80,High,3,1,1,CRITICAL,3
Landslide,4,34,6,0,4,Medium,2,0,1,HIGH,2
Other,6,50,18,7,18,Critical,4,1,1,CRITICAL,3
Landslide,4,34,8,5,10,High,3,1,1,CRITICAL,3
Fire,3,74,9,3,13,Medium,2,1,1,CRITICAL,3
Flood,0,53,12,1,13,High,3,1,1,CRITICAL,3
Cyclone,1,148,21,6,24,Medium,2,0,1,CRITICAL,3
Flood,0,259,46,8,48,Medium,2,0,1,CRITICAL,3
Landslide,4,60,14,7,23,Critical,4,1,1,CRITICAL,3
Earthquake,2,595,98,24,112,Medium,2,1,1,CRITICAL,3
Flood,0,422,64,13,87,Medium,2,0,1,CRITICAL,3
Fire,3,44,3,3,9,Medium,2,0,1,CRITICAL,3
Flood,0,180,45,9,60,High,3,1,1,CRITICAL,3
Fire,3,34,4,1,6,Medium,2,0,1,HIGH,2
Accident,5,14,0,2,0,Low,1,0,1,HIGH,2
Cyclone,1,299,62,15,85,High,3,1,1,CRITICAL,3
Earthquake,2,187,26,5,41,Medium,2,1,1,CRITICAL,3
Fire,3,71,16,5,23,High,3,1,1,CRITICAL,3
Cyclone,1,82,15,5,30,Critical,4,1,1,CRITICAL,3
Cyclone,1,477,120,22,133,High,3,1,1,CRITICAL,3
Flood,0,176,40,5,64,High,3,1,1,CRITICAL,3
Cyclone,1,231,33,13,48,Medium,2,0,1,CRITICAL,3
Earthquake,2,922,273,80,346,Critical,4,1,1,CRITICAL,3
Fire,3,78,18,4,28,High,3,1,1,CRITICAL,3
Landslide,4,160,21,5,26,Medium,2,0,1,CRITICAL,3
Accident,5,78,6,2,11,Low,1,0,1,CRITICAL,3
Earthquake,2,494,109,31,161,High,3,1,1,CRITICAL,3
Cyclone,1,405,120,30,161,Critical,4,1,1,CRITICAL,3
Flood,0,33,5,1,9,Medium,2,0,1,HIGH,2
Earthquake,2,820,130,28,168,Medium,2,0,1,CRITICAL,3
Flood,0,467,140,30,195,Critical,4,1,1,CRITICAL,3
Flood,0,98,30,11,42,Critical,4,1,1,CRITICAL,3
Accident,5,57,8,2,16,High,3,1,1,CRITICAL,3
Flood,0,32,8,3,5,High,3,1,1,CRITICAL,3
Earthquake,2,54,8,3,8,Medium,2,0,1,CRITICAL,3
Flood,0,84,26,7,38,Critical,4,1,1,CRITICAL,3
Fire,3,239,72,11,89,Critical,4,1,1,CRITICAL,3
Other,6,78,5,0,5,Low,1,0,0,HIGH,2
Flood,0,87,29,7,32,Critical,4,1,1,CRITICAL,3
Accident,5,13,3,2,0,Low,1,0,0,HIGH,2
Earthquake,2,91,23,7,22,High,3,1,1,CRITICAL,3
Flood,0,442,127,26,189,Critical,4,1,1,CRITICAL,3
Earthquake,2,1172,340,85,482,Critical,4,1,1,CRITICAL,3
Landslide,4,54,7,1,4,Low,1,0,0,HIGH,2
Landslide,4,156,46,15,69,Critical,4,1,1,CRITICAL,3
Flood,0,407,97,16,134,High,3,1,1,CRITICAL,3
Landslide,4,82,9,1,18,Medium,2,0,1,CRITICAL,3
Fire,3,33,2,1,4,Medium,2,1,1,HIGH,2
Fire,3,91,22,3,26,High,3,1,1,CRITICAL,3
Landslide,4,118,22,7,38,High,3,1,1,CRITICAL,3
Cyclone,1,292,67,19,91,High,3,1,1,CRITICAL,3
Earthquake,2,85,18,8,25,High,3,1,1,CRITICAL,3
Earthquake,2,819,164,36,247,High,3,1,1,CRITICAL,3
Fire,3,26,1,2,11,Medium,2,1,1,HIGH,2
Accident,5,34,3,3,13,Medium,2,0,1,CRITICAL,3
Accident,5,16,2,0,1,Low,1,0,1,MEDIUM,1
Fire,3,54,4,2,6,Medium,2,1,1,CRITICAL,3
Flood,0,141,15,7,27,Medium,2,1,1,CRITICAL,3
Earthquake,2,126,45,5,49,Critical,4,1,1,CRITICAL,3
Accident,5,103,25,10,37,High,3,1,1,CRITICAL,3
Flood,0,157,43,7,40,High,3,1,1,CRITICAL,3
Cyclone,1,126,29,14,35,High,3,1,1,CRITICAL,3
Landslide,4,16,3,0,6,Medium,2,1,1,HIGH,2
Cyclone,1,170,44,11,48,High,3,1,1,CRITICAL,3
Fire,3,34,3,0,3,Low,1,0,1,HIGH,2
Earthquake,2,56,11,3,16,High,3,1,1,CRITICAL,3
Landslide,4,179,26,4,38,Medium,2,0,1,CRITICAL,3
Flood,0,74,16,6,21,High,3,1,1,CRITICAL,3
Other,6,18,2,0,4,Low,1,0,1,MEDIUM,1
Fire,3,106,36,7,43,Critical,4,1,1,CRITICAL,3
Fire,3,116,10,9,17,Medium,2,1,1,CRITICAL,3
Cyclone,1,254,43,15,81,High,3,1,1,CRITICAL,3
Fire,3,17,2,1,6,High,3,1,1,HIGH,2
Flood,0,126,22,1,22,Medium,2,0,1,CRITICAL,3
Accident,5,95,22,8,29,High,3,1,1,CRITICAL,3
Flood,0,221,49,13,72,High,3,1,1,CRITICAL,3
Cyclone,1,1102,239,63,347,High,3,1,1,CRITICAL,3
Earthquake,2,529,106,28,162,High,3,1,1,CRITICAL,3
Earthquake,2,56,13,6,19,Critical,4,1,1,CRITICAL,3
Cyclone,1,389,142,22,159,Critical,4,1,1,CRITICAL,3
Flood,0,649,183,45,271,Critical,4,1,1,CRITICAL,3
Flood,0,180,42,7,65,High,3,1,1,CRITICAL,3
Flood,0,138,9,2,19,Low,1,0,1,CRITICAL,3
Fire,3,61,14,1,25,High,3,1,1,CRITICAL,3
Fire,3,21,0,1,4,Low,1,0,1,MEDIUM,1
Accident,5,32,6,3,13,High,3,1,1,CRITICAL,3
Accident,5,99,14,4,24,Medium,2,0,1,CRITICAL,3
Flood,0,57,17,3,24,Critical,4,1,1,CRITICAL,3
Flood,0,235,73,28,98,Critical,4,1,1,CRITICAL,3
Accident,5,70,12,6,17,Medium,2,1,1,CRITICAL,3
Fire,3,234,83,19,95,Critical,4,1,1,CRITICAL,3
Fire,3,73,21,5,31,Critical,4,1,1,CRITICAL,3
Fire,3,23,7,0,7,Medium,2,0,1,HIGH,2
Flood,0,271,21,4,32,Low,1,0,1,CRITICAL,3
Other,6,22,0,3,2,Low,1,0,1,HIGH,2
Cyclone,1,381,84,23,129,High,3,1,1,CRITICAL,3
Accident,5,22,5,2,6,High,3,1,1,CRITICAL,3
Earthquake,2,362,82,18,114,High,3,1,1,CRITICAL,3
Other,6,38,7,1,11,Medium,2,1,1,CRITICAL,3
Fire,3,26,8,1,8,High,3,1,1,CRITICAL,3
Flood,0,314,58,11,69,Medium,2,1,1,CRITICAL,3
Cyclone,1,73,23,2,35,Critical,4,1,1,CRITICAL,3
Fire,3,27,3,0,9,Medium,2,0,1,HIGH,2
Flood,0,523,135,34,211,Critical,4,1,1,CRITICAL,3
Flood,0,214,61,8,70,High,3,1,1,CRITICAL,3
Fire,3,5,1,0,0,High,3,1,1,HIGH,2
Cyclone,1,207,61,14,81,Critical,4,1,1,CRITICAL,3
Earthquake,2,321,21,7,30,Low,1,0,0,CRITICAL,3
Flood,0,224,45,8,80,High,3,1,1,CRITICAL,3
Landslide,4,65,8,5,19,Medium,2,1,1,CRITICAL,3
Accident,5,80,11,2,17,Medium,2,0,1,CRITICAL,3
Landslide,4,54,15,2,25,Critical,4,1,1,CRITICAL,3
Fire,3,35,11,0,10,High,3,1,1,CRITICAL,3
Landslide,4,51,14,2,19,High,3,1,1,CRITICAL,3
Landslide,4,131,45,9,56,Critical,4,1,1,CRITICAL,3
Earthquake,2,213,32,9,38,Medium,2,1,1,CRITICAL,3
Other,6,35,3,0,3,Low,1,0,1,HIGH,2
Fire,3,18,4,0,6,High,3,1,1,HIGH,2
Other,6,47,8,1,7,Low,1,0,1,HIGH,2
Earthquake,2,333,98,22,143,Critical,4,1,1,CRITICAL,3
Cyclone,1,273,51,17,82,High,3,1,1,CRITICAL,3
Earthquake,2,206,44,14,58,High,3,1,1,CRITICAL,3
Fire,3,123,43,14,46,Critical,4,1,1,CRITICAL,3
Flood,0,149,21,6,26,Medium,2,1,1,CRITICAL,3
Landslide,4,105,12,4,8,Low,1,0,1,CRITICAL,3
Flood,0,689,94,23,110,Medium,2,1,1,CRITICAL,3
Flood,0,192,50,13,48,High,3,1,1,CRITICAL,3
Accident,5,98,8,4,14,Medium,2,0,1,CRITICAL,3
Fire,3,164,36,10,40,High,3,1,1,CRITICAL,3
Earthquake,2,196,34,9,35,Medium,2,1,1,CRITICAL,3
Flood,0,117,34,11,52,Critical,4,1,1,CRITICAL,3
Accident,5,59,20,4,26,Critical,4,1,1,CRITICAL,3
Other,6,43,3,0,5,Low,1,0,1,HIGH,2
Cyclone,1,384,84,20,117,High,3,1,1,CRITICAL,3
Earthquake,2,155,23,8,24,Medium,2,1,1,CRITICAL,3
Earthquake,2,419,123,40,182,Critical,4,1,1,CRITICAL,3
Cyclone,1,229,35,11,50,Medium,2,0,1,CRITICAL,3
Fire,3,47,6,3,13,Medium,2,0,1,CRITICAL,3
Earthquake,2,261,18,3,21,Low,1,0,1,CRITICAL,3
Other,6,14,2,0,3,Low,1,0,0,MEDIUM,1
Earthquake,2,207,13,4,26,Low,1,0,1,CRITICAL,3
Other,6,103,29,3,40,Critical,4,1,1,CRITICAL,3
Other,6,110,16,1,33,Medium,2,1,1,CRITICAL,3
Earthquake,2,791,162,62,235,High,3,1,1,CRITICAL,3
Fire,3,52,17,3,26,Critical,4,1,1,CRITICAL,3
Fire,3,16,5,1,7,Critical,4,1,1,CRITICAL,3
Cyclone,1,76,26,5,41,Critical,4,1,1,CRITICAL,3
Landslide,4,96,20,10,36,High,3,1,1,CRITICAL,3
Landslide,4,214,43,12,64,High,3,1,1,CRITICAL,3
Cyclone,1,269,92,24,96,Critical,4,1,1,CRITICAL,3
Cyclone,1,465,104,30,130,High,3,1,1,CRITICAL,3
Accident,5,58,4,0,6,Low,1,0,0,HIGH,2
Cyclone,1,364,45,12,64,Medium,2,0,1,CRITICAL,3
Flood,0,729,229,65,300,Critical,4,1,1,CRITICAL,3
Cyclone,1,141,11,7,33,Medium,2,0,1,CRITICAL,3
Fire,3,23,2,2,5,High,3,1,1,HIGH,2
Fire,3,316,68,12,97,High,3,1,1,CRITICAL,3
Landslide,4,3,0,0,0,High,3,1,1,HIGH,2
Earthquake,2,424,86,30,117,High,3,1,1,CRITICAL,3
Cyclone,1,23,8,2,8,High,3,1,1,CRITICAL,3
Flood,0,141,25,4,32,Medium,2,1,1,CRITICAL,3
Earthquake,2,149,37,8,59,Critical,4,1,1,CRITICAL,3
Earthquake,2,498,109,30,165,High,3,1,1,CRITICAL,3
Fire,3,135,9,1,12,Low,1,0,1,CRITICAL,3
Fire,3,55,17,5,17,Critical,4,1,1,CRITICAL,3
Accident,5,11,2,0,2,Low,1,0,1,MEDIUM,1
Cyclone,1,215,20,2,22,Low,1,0,1,CRITICAL,3
Earthquake,2,137,40,20,50,Critical,4,1,1,CRITICAL,3
Flood,0,87,20,3,30,High,3,1,1,CRITICAL,3
Cyclone,1,103,29,7,27,High,3,1,1,CRITICAL,3
Fire,3,28,6,1,5,Medium,2,1,1,HIGH,2
Earthquake,2,29,1,0,3,Low,1,0,1,HIGH,2
Earthquake,2,340,81,24,113,High,3,1,1,CRITICAL,3
Flood,0,505,69,26,101,Medium,2,0,1,CRITICAL,3
Fire,3,146,25,9,32,Medium,2,0,1,CRITICAL,3
Flood,0,43,11,8,20,Critical,4,1,1,CRITICAL,3
Fire,3,20,2,2,7,High,3,1,1,HIGH,2
Earthquake,2,191,40,9,54,High,3,1,1,CRITICAL,3
Cyclone,1,44,9,5,15,High,3,1,1,CRITICAL,3
Landslide,4,49,9,1,10,High,3,1,1,CRITICAL,3
Cyclone,1,441,67,17,80,Medium,2,1,1,CRITICAL,3
Flood,0,77,11,5,16,Medium,2,1,1,CRITICAL,3
Flood,0,50,7,0,10,Medium,2,0,1,CRITICAL,3
Accident,5,25,2,0,3,Medium,2,0,1,HIGH,2
Flood,0,14,4,1,2,High,3,1,1,HIGH,2
Cyclone,1,39,10,2,14,High,3,1,1,CRITICAL,3
Flood,0,34,11,3,14,Critical,4,1,1,CRITICAL,3
Fire,3,125,42,13,48,High,3,1,1,CRITICAL,3
Landslide,4,65,19,6,15,High,3,1,1,CRITICAL,3
Earthquake,2,197,40,10,57,High,3,1,1,CRITICAL,3
Earthquake,2,606,154,33,186,High,3,1,1,CRITICAL,3
Flood,0,79,20,4,26,Critical,4,1,1,CRITICAL,3
Landslide,4,60,6,2,11,Medium,2,1,1,CRITICAL,3
Landslide,4,65,14,7,18,High,3,1,1,CRITICAL,3
Earthquake,2,276,91,23,90,Critical,4,1,1,CRITICAL,3
Landslide,4,12,4,1,6,High,3,1,1,HIGH,2
Flood,0,104,27,5,29,High,3,1,1,CRITICAL,3
Flood,0,211,22,4,28,Low,1,0,0,CRITICAL,3
Accident,5,14,0,2,1,Medium,2,1,1,HIGH,2
Flood,0,555,163,52,219,Critical,4,1,1,CRITICAL,3
Accident,5,5,0,0,2,Medium,2,1,1,MEDIUM,1
Accident,5,23,4,0,6,Medium,2,1,1,HIGH,2
Cyclone,1,83,27,6,33,Critical,4,1,1,CRITICAL,3
Flood,0,192,37,13,58,High,3,1,1,CRITICAL,3
Fire,3,45,6,1,11,High,3,1,1,CRITICAL,3
Fire,3,82,13,6,18,High,3,1,1,CRITICAL,3
Fire,3,217,60,7,67,High,3,1,1,CRITICAL,3
Earthquake,2,92,28,7,27,High,3,1,1,CRITICAL,3
Flood,0,452,68,20,85,Medium,2,0,1,CRITICAL,3
Fire,3,275,87,15,110,Critical,4,1,1,CRITICAL,3
Fire,3,247,38,11,31,Medium,2,1,1,CRITICAL,3
Landslide,4,76,7,4,13,Medium,2,0,1,CRITICAL,3
Flood,0,440,130,48,187,Critical,4,1,1,CRITICAL,3
Fire,3,113,17,5,22,Medium,2,0,1,CRITICAL,3
Cyclone,1,165,30,6,30,Medium,2,0,1,CRITICAL,3
Other,6,27,2,2,8,Medium,2,1,1,HIGH,2
Cyclone,1,116,26,7,49,High,3,1,1,CRITICAL,3
Flood,0,52,18,3,19,Critical,4,1,1,CRITICAL,3
Cyclone,1,124,26,7,36,High,3,1,1,CRITICAL,3
Flood,0,98,18,2,31,High,3,1,1,CRITICAL,3
Flood,0,77,11,4,24,High,3,1,1,CRITICAL,3
Cyclone,1,33,10,3,13,High,3,1,1,CRITICAL,3
Accident,5,14,1,0,6,Medium,2,0,1,HIGH,2
Other,6,12,2,0,1,Low,1,0,0,MEDIUM,1
Cyclone,1,92,30,9,42,Critical,4,1,1,CRITICAL,3
Cyclone,1,69,12,3,16,Medium,2,1,1,CRITICAL,3
Flood,0,138,28,3,24,Medium,2,0,1,CRITICAL,3
Other,6,88,20,4,28,High,3,1,1,CRITICAL,3
Cyclone,1,202,36,12,62,High,3,1,1,CRITICAL,3
Flood,0,85,16,9,28,High,3,1,1,CRITICAL,3
Fire,3,37,7,1,8,Medium,2,0,1,HIGH,2
Other,6,35,3,1,6,Low,1,0,1,HIGH,2
Other,6,100,9,8,17,Medium,2,0,1,CRITICAL,3
Flood,0,218,15,4,33,Low,1,0,0,CRITICAL,3
Earthquake,2,1112,229,63,359,High,3,1,1,CRITICAL,3
Fire,3,110,22,10,28,High,3,1,1,CRITICAL,3
Accident,5,28,8,4,8,High,3,1,1,CRITICAL,3
Cyclone,1,52,9,4,10,High,3,1,1,CRITICAL,3
Cyclone,1,312,75,31,104,High,3,1,1,CRITICAL,3
Cyclone,1,80,23,7,32,Critical,4,1,1,CRITICAL,3
Cyclone,1,77,28,9,32,Critical,4,1,1,CRITICAL,3
Flood,0,422,96,31,122,High,3,1,1,CRITICAL,3
Fire,3,104,16,5,20,Medium,2,1,1,CRITICAL,3
Other,6,31,2,1,3,Low,1,0,0,MEDIUM,1
Fire,3,36,5,2,3,Medium,2,0,1,HIGH,2
Cyclone,1,105,23,6,31,High,3,1,1,CRITICAL,3
Flood,0,130,18,5,26,Medium,2,1,1,CRITICAL,3
Cyclone,1,635,90,35,139,Medium,2,1,1,CRITICAL,3
Cyclone,1,77,11,2,20,Medium,2,1,1,CRITICAL,3
Earthquake,2,61,12,6,26,High,3,1,1,CRITICAL,3
Fire,3,85,15,4,19,High,3,1,1,CRITICAL,3
Earthquake,2,405,95,29,118,High,3,1,1,CRITICAL,3
Earthquake,2,287,58,22,69,High,3,1,1,CRITICAL,3
Cyclone,1,78,8,2,19,Medium,2,0,1,CRITICAL,3
Flood,0,111,36,7,37,High,3,1,1,CRITICAL,3
Fire,3,123,14,5,20,Medium,2,1,1,CRITICAL,3
Cyclone,1,110,25,5,29,High,3,1,1,CRITICAL,3
Flood,0,220,77,16,100,Critical,4,1,1,CRITICAL,3
Accident,5,7,3,1,3,Medium,2,1,1,HIGH,2
Cyclone,1,451,90,26,118,High,3,1,1,CRITICAL,3
Flood,0,221,44,11,61,High,3,1,1,CRITICAL,3
Earthquake,2,351,40,9,37,Low,1,0,1,CRITICAL,3
Earthquake,2,421,87,34,132,High,3,1,1,CRITICAL,3
Cyclone,1,156,49,13,59,Critical,4,1,1,CRITICAL,3
Cyclone,1,416,84,28,128,High,3,1,1,CRITICAL,3
Accident,5,4,1,0,1,High,3,1,1,HIGH,2
Fire,3,63,13,1,9,Medium,2,1,1,CRITICAL,3
Earthquake,2,441,129,35,175,Critical,4,1,1,CRITICAL,3
Flood,0,265,80,31,104,Critical,4,1,1,CRITICAL,3
Earthquake,2,523,151,46,219,Critical,4,1,1,CRITICAL,3
Flood,0,356,108,27,133,Critical,4,1,1,CRITICAL,3
Flood,0,46,14,2,12,High,3,1,1,CRITICAL,3
Accident,5,25,3,0,1,Low,1,0,1,MEDIUM,1
Cyclone,1,10,4,0,2,High,3,1,1,HIGH,2
Flood,0,130,40,5,53,Critical,4,1,1,CRITICAL,3
Flood,0,161,31,8,46,High,3,1,1,CRITICAL,3
Cyclone,1,276,35,9,57,Medium,2,0,1,CRITICAL,3
Cyclone,1,125,26,6,36,High,3,1,1,CRITICAL,3
Flood,0,101,23,7,37,High,3,1,1,CRITICAL,3
Earthquake,2,354,89,27,112,High,3,1,1,CRITICAL,3
Earthquake,2,480,154,48,163,Critical,4,1,1,CRITICAL,3
Cyclone,1,32,6,0,10,Medium,2,1,1,CRITICAL,3
Accident,5,82,15,1,28,High,3,1,1,CRITICAL,3
Flood,0,1154,267,63,361,High,3,1,1,CRITICAL,3
Cyclone,1,496,104,26,149,High,3,1,1,CRITICAL,3
Cyclone,1,126,39,8,46,Critical,4,1,1,CRITICAL,3
Fire,3,41,11,0,13,Critical,4,1,1,CRITICAL,3
Cyclone,1,116,35,8,39,Critical,4,1,1,CRITICAL,3
Accident,5,34,1,0,5,Low,1,0,1,MEDIUM,1
Fire,3,57,11,4,15,High,3,1,1,CRITICAL,3
Earthquake,2,60,21,5,24,Critical,4,1,1,CRITICAL,3
Fire,3,53,21,7,17,Critical,4,1,1,CRITICAL,3
Fire,3,143,23,6,27,Medium,2,1,1,CRITICAL,3
Landslide,4,10,1,2,1,Medium,2,1,1,HIGH,2
Landslide,4,78,4,1,5,Low,1,0,1,HIGH,2
Accident,5,20,0,1,2,Medium,2,1,1,HIGH,2
Flood,0,19,8,1,8,Critical,4,1,1,CRITICAL,3
Other,6,16,3,0,4,Critical,4,1,1,CRITICAL,3
Cyclone,1,333,25,8,22,Low,1,0,1,CRITICAL,3
Flood,0,88,21,9,36,High,3,1,1,CRITICAL,3
Fire,3,63,3,1,7,Low,1,0,1,HIGH,2
Earthquake,2,356,60,15,74,Medium,2,0,1,CRITICAL,3
Accident,5,19,0,0,1,Low,1,0,0,MEDIUM,1
Cyclone,1,41,12,2,16,High,3,1,1,CRITICAL,3
Earthquake,2,242,39,14,73,High,3,1,1,CRITICAL,3
Flood,0,808,227,50,344,Critical,4,1,1,CRITICAL,3
Earthquake,2,289,45,16,72,Medium,2,1,1,CRITICAL,3
Fire,3,84,10,3,17,High,3,1,1,CRITICAL,3
Landslide,4,39,10,2,13,High,3,1,1,CRITICAL,3
Cyclone,1,411,81,41,125,High,3,1,1,CRITICAL,3
Cyclone,1,18,6,0,10,Critical,4,1,1,CRITICAL,3
Cyclone,1,84,28,6,35,Critical,4,1,1,CRITICAL,3
Cyclone,1,82,20,2,29,High,3,1,1,CRITICAL,3
Flood,0,49,8,3,9,Medium,2,1,1,CRITICAL,3
Earthquake,2,73,16,7,29,High,3,1,1,CRITICAL,3
Accident,5,15,3,1,2,Medium,2,0,1,HIGH,2
Fire,3,209,64,17,84,Critical,4,1,1,CRITICAL,3
Accident,5,17,6,1,5,High,3,1,1,HIGH,2
Landslide,4,64,16,2,20,Critical,4,1,1,CRITICAL,3
Landslide,4,57,6,0,8,Low,1,0,1,HIGH,2
Flood,0,179,23,13,33,Medium,2,0,1,CRITICAL,3
Fire,3,92,24,4,28,High,3,1,1,CRITICAL,3
Flood,0,379,114,41,154,Critical,4,1,1,CRITICAL,3
Earthquake,2,66,13,4,16,High,3,1,1,CRITICAL,3
Earthquake,2,503,98,35,153,High,3,1,1,CRITICAL,3
Flood,0,56,13,1,18,High,3,1,1,CRITICAL,3
Earthquake,2,224,48,19,58,High,3,1,1,CRITICAL,3
Fire,3,59,11,1,18,High,3,1,1,CRITICAL,3
Flood,0,241,62,17,81,Critical,4,1,1,CRITICAL,3
Accident,5,10,2,0,3,Medium,2,1,1,HIGH,2
Accident,5,64,2,2,4,Low,1,0,1,HIGH,2
Earthquake,2,746,58,18,76,Low,1,0,1,CRITICAL,3
Cyclone,1,169,46,9,68,Critical,4,1,1,CRITICAL,3
Landslide,4,85,14,5,22,High,3,1,1,CRITICAL,3
Cyclone,1,218,68,19,85,Critical,4,1,1,CRITICAL,3
Accident,5,30,5,0,5,Medium,2,1,1,HIGH,2
Accident,5,18,2,3,2,Medium,2,0,1,HIGH,2
Accident,5,10,2,0,3,Low,1,0,0,MEDIUM,1
Flood,0,189,62,16,76,Critical,4,1,1,CRITICAL,3
Earthquake,2,321,41,14,70,Medium,2,0,1,CRITICAL,3
Flood,0,197,55,14,47,High,3,1,1,CRITICAL,3
Earthquake,2,117,14,7,29,Medium,2,1,1,CRITICAL,3
Landslide,4,121,16,6,21,Medium,2,1,1,CRITICAL,3
Fire,3,285,80,20,129,Critical,4,1,1,CRITICAL,3
Fire,3,142,18,6,33,Medium,2,0,1,CRITICAL,3
Flood,0,107,8,2,7,Low,1,0,1,CRITICAL,3
Cyclone,1,218,48,13,60,High,3,1,1,CRITICAL,3
Flood,0,48,10,5,16,High,3,1,1,CRITICAL,3
Accident,5,48,14,4,21,Critical,4,1,1,CRITICAL,3
Cyclone,1,384,86,17,103,High,3,1,1,CRITICAL,3
Earthquake,2,484,119,23,167,High,3,1,1,CRITICAL,3
Earthquake,2,193,46,9,58,High,3,1,1,CRITICAL,3
Flood,0,697,44,13,84,Low,1,0,0,CRITICAL,3
Flood,0,327,29,7,35,Low,1,0,1,CRITICAL,3
Cyclone,1,227,27,13,39,Medium,2,1,1,CRITICAL,3
Landslide,4,141,33,11,44,High,3,1,1,CRITICAL,3
Flood,0,127,37,10,55,Critical,4,1,1,CRITICAL,3
Earthquake,2,51,10,3,9,Medium,2,0,1,CRITICAL,3
Fire,3,159,25,5,23,Medium,2,1,1,CRITICAL,3
Flood,0,158,44,11,65,Critical,4,1,1,CRITICAL,3
Flood,0,42,8,3,14,High,3,1,1,CRITICAL,3
Fire,3,223,32,8,49,Medium,2,1,1,CRITICAL,3
Landslide,4,98,26,11,31,High,3,1,1,CRITICAL,3
Earthquake,2,101,34,6,43,Critical,4,1,1,CRITICAL,3
Flood,0,53,9,3,12,High,3,1,1,CRITICAL,3
Earthquake,2,60,15,3,24,Critical,4,1,1,CRITICAL,3
Fire,3,254,60,19,80,High,3,1,1,CRITICAL,3
Fire,3,26,0,2,5,Medium,2,0,1,HIGH,2
Cyclone,1,110,31,11,39,Critical,4,1,1,CRITICAL,3
Fire,3,87,15,1,22,High,3,1,1,CRITICAL,3
Flood,0,336,25,5,34,Low,1,0,1,CRITICAL,3
Flood,0,385,114,29,156,Critical,4,1,1,CRITICAL,3
Flood,0,91,30,9,38,Critical,4,1,1,CRITICAL,3
Cyclone,1,579,75,22,116,Medium,2,1,1,CRITICAL,3
Cyclone,1,102,22,5,23,Medium,2,0,1,CRITICAL,3
Flood,0,101,23,7,30,High,3,1,1,CRITICAL,3
Earthquake,2,162,24,4,27,Medium,2,0,1,CRITICAL,3
Cyclone,1,181,51,9,77,Critical,4,1,1,CRITICAL,3
Accident,5,20,4,1,4,Medium,2,1,1,HIGH,2
Earthquake,2,241,31,6,59,Medium,2,0,1,CRITICAL,3
Cyclone,1,216,43,10,69,High,3,1,1,CRITICAL,3
Flood,0,368,79,23,113,High,3,1,1,CRITICAL,3
Fire,3,65,17,5,16,High,3,1,1,CRITICAL,3
Cyclone,1,165,29,7,47,Medium,2,1,1,CRITICAL,3
Other,6,39,4,0,3,Low,1,0,1,HIGH,2
Flood,0,473,144,38,185,Critical,4,1,1,CRITICAL,3
Fire,3,69,12,5,18,Medium,2,1,1,CRITICAL,3
Earthquake,2,1007,225,63,311,High,3,1,1,CRITICAL,3
Flood,0,67,10,1,12,Medium,2,0,1,CRITICAL,3
Flood,0,61,13,8,17,High,3,1,1,CRITICAL,3
Fire,3,30,11,2,12,Critical,4,1,1,CRITICAL,3
Flood,0,316,58,13,63,Medium,2,0,1,CRITICAL,3
Earthquake,2,255,80,16,111,Critical,4,1,1,CRITICAL,3
Earthquake,2,1035,229,71,323,High,3,1,1,CRITICAL,3
Flood,0,264,44,16,50,Medium,2,0,1,CRITICAL,3
Flood,0,113,24,2,34,High,3,1,1,CRITICAL,3
Fire,3,28,9,2,7,High,3,1,1,CRITICAL,3
Other,6,19,2,1,3,High,3,1,1,HIGH,2
Flood,0,41,6,1,9,Medium,2,0,1,CRITICAL,3
Accident,5,10,3,0,3,High,3,1,1,HIGH,2
Fire,3,73,14,1,14,Medium,2,0,1,CRITICAL,3
Earthquake,2,285,64,16,85,High,3,1,1,CRITICAL,3
Cyclone,1,310,57,14,60,Medium,2,1,1,CRITICAL,3
Earthquake,2,188,71,15,76,Critical,4,1,1,CRITICAL,3
Earthquake,2,154,27,3,52,High,3,1,1,CRITICAL,3
Landslide,4,83,20,5,19,High,3,1,1,CRITICAL,3
Fire,3,89,9,2,13,Low,1,0,1,CRITICAL,3
Flood,0,274,20,3,30,Low,1,0,1,CRITICAL,3
Fire,3,40,4,0,3,Low,1,0,1,HIGH,2
Fire,3,59,15,7,24,Critical,4,1,1,CRITICAL,3
Fire,3,175,21,10,42,Medium,2,1,1,CRITICAL,3
Flood,0,192,57,16,72,Critical,4,1,1,CRITICAL,3
Fire,3,65,13,3,20,High,3,1,1,CRITICAL,3
Other,6,16,5,3,3,Medium,2,0,1,HIGH,2
Fire,3,85,10,3,18,Medium,2,0,1,CRITICAL,3
Earthquake,2,57,2,1,8,Low,1,0,0,HIGH,2
Earthquake,2,154,36,13,46,High,3,1,1,CRITICAL,3
Landslide,4,52,15,2,17,High,3,1,1,CRITICAL,3
Flood,0,676,45,9,47,Low,1,0,1,CRITICAL,3
Earthquake,2,541,138,30,167,High,3,1,1,CRITICAL,3
Flood,0,279,93,20,123,Critical,4,1,1,CRITICAL,3
Flood,0,29,8,0,12,Critical,4,1,1,CRITICAL,3
Flood,0,426,132,36,164,Critical,4,1,1,CRITICAL,3
Fire,3,3,0,1,0,Medium,2,1,1,MEDIUM,1
Earthquake,2,182,46,12,49,High,3,1,1,CRITICAL,3
Fire,3,242,69,15,106,Critical,4,1,1,CRITICAL,3
Landslide,4,65,16,4,23,High,3,1,1,CRITICAL,3
Fire,3,143,26,7,42,High,3,1,1,CRITICAL,3
Fire,3,33,4,1,6,Medium,2,0,1,HIGH,2
Fire,3,5,2,0,2,High,3,1,1,HIGH,2
Flood,0,103,28,6,39,Critical,4,1,1,CRITICAL,3
Fire,3,39,11,0,11,High,3,1,1,CRITICAL,3
Fire,3,8,4,0,3,Medium,2,1,1,HIGH,2
Accident,5,6,1,0,0,Low,1,0,1,MEDIUM,1
Accident,5,4,2,0,1,Medium,2,0,1,MEDIUM,1
Fire,3,13,4,0,6,Critical,4,1,1,CRITICAL,3
Cyclone,1,93,32,13,30,Critical,4,1,1,CRITICAL,3
Flood,0,157,48,14,56,Critical,4,1,1,CRITICAL,3
Landslide,4,20,2,1,3,Medium,2,0,1,HIGH,2
Flood,0,195,43,9,57,High,3,1,1,CRITICAL,3
Cyclone,1,218,65,18,80,Critical,4,1,1,CRITICAL,3
Earthquake,2,446,38,9,49,Low,1,0,1,CRITICAL,3
Flood,0,46,10,0,19,High,3,1,1,CRITICAL,3
Other,6,15,0,0,0,Low,1,0,0,MEDIUM,1
Landslide,4,137,33,8,43,High,3,1,1,CRITICAL,3
Landslide,4,146,34,13,47,High,3,1,1,CRITICAL,3
Accident,5,38,5,0,4,Low,1,0,1,HIGH,2
Cyclone,1,164,19,11,37,Medium,2,0,1,CRITICAL,3
Cyclone,1,327,63,23,100,High,3,1,1,CRITICAL,3
Cyclone,1,265,69,26,104,Critical,4,1,1,CRITICAL,3
Accident,5,44,1,1,7,Low,1,0,1,HIGH,2
Landslide,4,379,54,20,81,Medium,2,1,1,CRITICAL,3
Flood,0,823,115,29,153,Medium,2,0,1,CRITICAL,3
Cyclone,1,28,3,0,1,Low,1,0,1,HIGH,2
Flood,0,172,35,8,56,High,3,1,1,CRITICAL,3
Earthquake,2,524,31,9,56,Low,1,0,1,CRITICAL,3
Fire,3,77,22,3,21,High,3,1,1,CRITICAL,3
Accident,5,39,6,1,8,Medium,2,0,1,HIGH,2
Cyclone,1,104,37,8,41,Critical,4,1,1,CRITICAL,3
Other,6,38,11,2,13,High,3,1,1,CRITICAL,3
Fire,3,96,19,8,36,High,3,1,1,CRITICAL,3
Earthquake,2,334,70,18,116,High,3,1,1,CRITICAL,3
Accident,5,6,0,1,0,Low,1,0,1,MEDIUM,1
Landslide,4,119,32,7,29,High,3,1,1,CRITICAL,3
Flood,0,595,87,34,115,Medium,2,1,1,CRITICAL,3
Accident,5,8,1,0,2,Medium,2,0,1,MEDIUM,1
Earthquake,2,296,45,10,65,Medium,2,1,1,CRITICAL,3
Other,6,26,2,0,0,Low,1,0,1,MEDIUM,1
Cyclone,1,48,8,0,13,High,3,1,1,CRITICAL,3
Fire,3,18,2,0,7,High,3,1,1,HIGH,2
Flood,0,572,135,25,162,High,3,1,1,CRITICAL,3
Fire,3,24,2,1,10,Medium,2,0,1,HIGH,2
Fire,3,70,13,4,17,High,3,1,1,CRITICAL,3
Flood,0,60,13,2,10,Medium,2,1,1,CRITICAL,3
Cyclone,1,46,12,2,10,High,3,1,1,CRITICAL,3
Flood,0,156,36,9,50,High,3,1,1,CRITICAL,3
Cyclone,1,404,122,25,165,Critical,4,1,1,CRITICAL,3
Earthquake,2,318,74,23,91,High,3,1,1,CRITICAL,3
Fire,3,61,13,2,18,High,3,1,1,CRITICAL,3
Flood,0,371,77,17,107,High,3,1,1,CRITICAL,3
Fire,3,45,7,2,9,Medium,2,1,1,CRITICAL,3
Cyclone,1,64,16,3,18,Critical,4,1,1,CRITICAL,3
Flood,0,31,8,3,15,Critical,4,1,1,CRITICAL,3
Accident,5,16,2,0,2,Medium,2,0,1,MEDIUM,1
Landslide,4,356,48,12,73,Medium,2,0,1,CRITICAL,3
Fire,3,43,14,4,15,High,3,1,1,CRITICAL,3
Cyclone,1,50,16,4,18,High,3,1,1,CRITICAL,3
Cyclone,1,313,47,11,68,Medium,2,0,1,CRITICAL,3
Accident,5,34,3,3,9,Medium,2,0,1,HIGH,2
Flood,0,186,44,10,49,High,3,1,1,CRITICAL,3
Other,6,14,0,0,1,Low,1,0,1,MEDIUM,1
Fire,3,38,6,2,11,High,3,1,1,CRITICAL,3
Accident,5,3,0,0,1,Critical,4,1,1,CRITICAL,3
Flood,0,56,5,2,15,Medium,2,1,1,CRITICAL,3
Fire,3,47,14,2,24,Critical,4,1,1,CRITICAL,3
Landslide,4,30,6,3,8,High,3,1,1,CRITICAL,3
Cyclone,1,95,12,4,15,Medium,2,0,1,CRITICAL,3
Fire,3,133,33,7,36,High,3,1,1,CRITICAL,3
Fire,3,151,33,11,65,High,3,1,1,CRITICAL,3
Fire,3,26,2,0,6,Medium,2,0,1,HIGH,2
Flood,0,114,20,6,18,Medium,2,0,1,CRITICAL,3
Fire,3,96,25,14,29,Critical,4,1,1,CRITICAL,3
Fire,3,96,16,7,29,High,3,1,1,CRITICAL,3
Flood,0,97,9,3,7,Low,1,0,1,CRITICAL,3
Flood,0,185,11,3,20,Low,1,0,1,CRITICAL,3
Cyclone,1,300,80,17,120,Critical,4,1,1,CRITICAL,3
Earthquake,2,883,252,62,359,Critical,4,1,1,CRITICAL,3
Flood,0,158,31,8,54,High,3,1,1,CRITICAL,3
Earthquake,2,220,46,17,64,High,3,1,1,CRITICAL,3
Flood,0,325,58,17,89,High,3,1,1,CRITICAL,3
Landslide,4,133,17,6,26,Medium,2,0,1,CRITICAL,3
Flood,0,441,134,44,182,Critical,4,1,1,CRITICAL,3
Landslide,4,226,35,9,44,Medium,2,1,1,CRITICAL,3
Fire,3,64,17,3,21,Critical,4,1,1,CRITICAL,3
Fire,3,502,105,38,151,High,3,1,1,CRITICAL,3
Flood,0,292,87,33,111,Critical,4,1,1,CRITICAL,3
Flood,0,220,65,17,86,Critical,4,1,1,CRITICAL,3
Fire,3,173,39,12,51,High,3,1,1,CRITICAL,3
Earthquake,2,124,23,7,35,Medium,2,0,1,CRITICAL,3
Cyclone,1,619,122,40,183,High,3,1,1,CRITICAL,3
Flood,0,548,132,41,148,High,3,1,1,CRITICAL,3
Cyclone,1,68,19,5,32,Critical,4,1,1,CRITICAL,3
Earthquake,2,536,116,33,153,High,3,1,1,CRITICAL,3
Cyclone,1,135,43,8,54,Critical,4,1,1,CRITICAL,3
Fire,3,233,42,6,48,Medium,2,1,1,CRITICAL,3
Cyclone,1,200,53,16,73,Critical,4,1,1,CRITICAL,3
Landslide,4,91,11,2,8,Low,1,0,1,CRITICAL,3
Flood,0,181,54,22,70,Critical,4,1,1,CRITICAL,3
Fire,3,41,11,2,13,High,3,1,1,CRITICAL,3
Earthquake,2,51,13,5,9,High,3,1,1,CRITICAL,3
Cyclone,1,98,20,4,37,High,3,1,1,CRITICAL,3
Landslide,4,143,55,12,54,Critical,4,1,1,CRITICAL,3
Fire,3,490,108,26,142,High,3,1,1,CRITICAL,3
Cyclone,1,891,131,30,182,Medium,2,1,1,CRITICAL,3
Earthquake,2,193,38,9,51,High,3,1,1,CRITICAL,3
Landslide,4,34,4,0,1,Low,1,0,1,HIGH,2
Other,6,135,12,4,34,Medium,2,1,1,CRITICAL,3
Landslide,4,335,85,16,102,High,3,1,1,CRITICAL,3
Flood,0,638,120,36,194,High,3,1,1,CRITICAL,3
Cyclone,1,295,69,17,90,High,3,1,1,CRITICAL,3
Other,6,32,5,1,8,High,3,1,1,CRITICAL,3
Fire,3,111,17,5,31,High,3,1,1,CRITICAL,3
Flood,0,327,86,29,124,Critical,4,1,1,CRITICAL,3
Landslide,4,146,20,2,24,Medium,2,0,1,CRITICAL,3
Landslide,4,131,47,10,49,Critical,4,1,1,CRITICAL,3
Other,6,14,0,0,1,Low,1,0,1,MEDIUM,1
Accident,5,20,0,0,0,Low,1,0,1,MEDIUM,1
Cyclone,1,154,26,10,44,High,3,1,1,CRITICAL,3
Earthquake,2,596,176,45,236,Critical,4,1,1,CRITICAL,3
Cyclone,1,19,8,2,10,High,3,1,1,CRITICAL,3
Flood,0,56,15,1,19,High,3,1,1,CRITICAL,3
Cyclone,1,787,100,29,159,Medium,2,1,1,CRITICAL,3
Flood,0,185,38,11,60,High,3,1,1,CRITICAL,3
Fire,3,94,1,1,10,Low,1,0,1,CRITICAL,3
Landslide,4,119,13,3,23,Medium,2,0,1,CRITICAL,3
Accident,5,22,2,1,2,Low,1,0,0,MEDIUM,1
Earthquake,2,132,33,10,46,Critical,4,1,1,CRITICAL,3
Earthquake,2,233,62,18,91,Critical,4,1,1,CRITICAL,3
Accident,5,34,1,0,4,Low,1,0,1,MEDIUM,1
Flood,0,280,21,5,25,Low,1,0,1,CRITICAL,3
Accident,5,46,3,1,2,Low,1,0,1,HIGH,2
Accident,5,20,2,0,1,Low,1,0,0,MEDIUM,1
Earthquake,2,85,17,8,25,High,3,1,1,CRITICAL,3
Landslide,4,55,11,3,13,Medium,2,0,1,CRITICAL,3
Flood,0,148,22,6,30,Medium,2,0,1,CRITICAL,3
Fire,3,123,16,8,24,Medium,2,1,1,CRITICAL,3
Cyclone,1,191,27,11,55,High,3,1,1,CRITICAL,3
Flood,0,609,194,41,229,Critical,4,1,1,CRITICAL,3
Cyclone,1,141,24,7,27,Medium,2,0,1,CRITICAL,3
Flood,0,106,24,5,30,High,3,1,1,CRITICAL,3
Accident,5,11,1,0,1,Low,1,0,0,MEDIUM,1
Flood,0,685,169,47,191,High,3,1,1,CRITICAL,3
Landslide,4,283,53,14,90,High,3,1,1,CRITICAL,3
Cyclone,1,73,28,6,40,Critical,4,1,1,CRITICAL,3
Fire,3,16,0,0,4,Medium,2,1,1,HIGH,2
Flood,0,907,68,13,88,Low,1,0,1,CRITICAL,3
Earthquake,2,154,30,9,46,High,3,1,1,CRITICAL,3
Earthquake,2,313,50,17,63,Medium,2,0,1,CRITICAL,3
Cyclone,1,298,42,10,67,Medium,2,0,1,CRITICAL,3
Flood,0,1038,300,94,406,Critical,4,1,1,CRITICAL,3
Fire,3,80,20,2,30,Critical,4,1,1,CRITICAL,3
Landslide,4,74,10,3,13,Medium,2,1,1,CRITICAL,3
Accident,5,19,2,0,0,Low,1,0,1,MEDIUM,1
Accident,5,118,16,1,33,Medium,2,0,1,CRITICAL,3
Accident,5,27,6,2,5,High,3,1,1,CRITICAL,3
Cyclone,1,814,55,11,73,Low,1,0,1,CRITICAL,3
Flood,0,111,19,9,34,High,3,1,1,CRITICAL,3
Flood,0,130,28,7,43,High,3,1,1,CRITICAL,3
Fire,3,139,39,12,50,Critical,4,1,1,CRITICAL,3
Fire,3,322,43,6,62,Medium,2,0,1,CRITICAL,3
Earthquake,2,368,77,25,102,High,3,1,1,CRITICAL,3
Earthquake,2,456,51,19,92,Medium,2,1,1,CRITICAL,3
Landslide,4,274,49,17,55,Medium,2,1,1,CRITICAL,3
Landslide,4,44,11,7,22,High,3,1,1,CRITICAL,3
Accident,5,6,0,0,0,Low,1,0,0,LOW,0
Fire,3,61,12,3,20,Critical,4,1,1,CRITICAL,3
Earthquake,2,1479,203,57,300,Medium,2,1,1,CRITICAL,3
Fire,3,32,9,1,7,Medium,2,1,1,CRITICAL,3
Landslide,4,96,32,6,37,Critical,4,1,1,CRITICAL,3
Fire,3,24,4,3,9,High,3,1,1,CRITICAL,3
Fire,3,476,104,38,135,High,3,1,1,CRITICAL,3
Fire,3,318,45,19,57,Medium,2,0,1,CRITICAL,3
Cyclone,1,36,10,1,11,High,3,1,1,CRITICAL,3
Landslide,4,65,14,6,21,High,3,1,1,CRITICAL,3
Landslide,4,131,16,5,24,Medium,2,0,1,CRITICAL,3
Fire,3,214,15,6,26,Low,1,0,1,CRITICAL,3
Accident,5,18,1,0,3,Low,1,0,0,MEDIUM,1
Earthquake,2,115,11,1,6,Low,1,0,1,CRITICAL,3
Cyclone,1,367,89,25,101,High,3,1,1,CRITICAL,3
Fire,3,157,30,9,54,High,3,1,1,CRITICAL,3
Fire,3,452,29,8,43,Low,1,0,1,CRITICAL,3
Flood,0,193,24,6,34,Medium,2,1,1,CRITICAL,3
Flood,0,195,22,11,48,Medium,2,1,1,CRITICAL,3
Earthquake,2,195,56,15,73,Critical,4,1,1,CRITICAL,3
Cyclone,1,305,108,19,123,Critical,4,1,1,CRITICAL,3
Accident,5,18,4,1,3,High,3,1,1,HIGH,2
Flood,0,78,28,6,32,Critical,4,1,1,CRITICAL,3
Fire,3,14,2,0,1,High,3,1,1,HIGH,2
Cyclone,1,44,11,3,13,High,3,1,1,CRITICAL,3
Accident,5,42,3,0,2,Low,1,0,1,HIGH,2
Flood,0,149,24,14,51,High,3,1,1,CRITICAL,3
Fire,3,110,35,15,43,Critical,4,1,1,CRITICAL,3
Flood,0,702,134,44,226,High,3,1,1,CRITICAL,3
Fire,3,587,81,22,103,Medium,2,1,1,CRITICAL,3
Other,6,46,3,0,3,Low,1,0,0,HIGH,2
Fire,3,94,15,6,21,Medium,2,0,1,CRITICAL,3
Cyclone,1,378,88,26,98,High,3,1,1,CRITICAL,3
Fire,3,128,7,2,9,Low,1,0,1,CRITICAL,3
Fire,3,12,2,1,4,Critical,4,1,1,CRITICAL,3
Accident,5,52,5,2,6,Low,1,0,0,HIGH,2
Earthquake,2,316,97,31,135,Critical,4,1,1,CRITICAL,3
Cyclone,1,74,17,6,29,Critical,4,1,1,CRITICAL,3
Other,6,60,10,1,10,Medium,2,0,1,CRITICAL,3
Flood,0,516,106,23,159,High,3,1,1,CRITICAL,3
Landslide,4,28,6,1,11,High,3,1,1,CRITICAL,3
Fire,3,21,3,0,6,High,3,1,1,HIGH,2
Fire,3,509,152,39,206,Critical,4,1,1,CRITICAL,3
Cyclone,1,363,85,21,116,High,3,1,1,CRITICAL,3
Earthquake,2,277,35,11,58,Medium,2,0,1,CRITICAL,3
Flood,0,136,26,7,42,High,3,1,1,CRITICAL,3
Earthquake,2,320,71,21,95,High,3,1,1,CRITICAL,3
Accident,5,31,2,1,3,Low,1,0,1,HIGH,2
Fire,3,45,2,0,5,Low,1,0,0,HIGH,2
Cyclone,1,110,16,11,31,High,3,1,1,CRITICAL,3
Earthquake,2,166,32,15,49,High,3,1,1,CRITICAL,3
Flood,0,304,43,14,53,Medium,2,0,1,CRITICAL,3
Fire,3,156,41,9,43,High,3,1,1,CRITICAL,3
Flood,0,17,4,1,6,Critical,4,1,1,CRITICAL,3
Earthquake,2,167,51,13,68,Critical,4,1,1,CRITICAL,3
Fire,3,33,9,3,9,High,3,1,1,CRITICAL,3
Earthquake,2,152,36,12,37,High,3,1,1,CRITICAL,3
Cyclone,1,135,33,7,32,High,3,1,1,CRITICAL,3
Fire,3,39,5,1,5,Medium,2,1,1,HIGH,2
Cyclone,1,565,137,44,172,High,3,1,1,CRITICAL,3
Flood,0,318,81,24,86,High,3,1,1,CRITICAL,3
Earthquake,2,193,39,10,55,High,3,1,1,CRITICAL,3
Fire,3,27,5,0,3,Low,1,0,1,HIGH,2
Flood,0,309,100,23,126,Critical,4,1,1,CRITICAL,3
Cyclone,1,132,26,11,38,High,3,1,1,CRITICAL,3
Cyclone,1,252,59,16,74,High,3,1,1,CRITICAL,3
Cyclone,1,387,83,13,121,High,3,1,1,CRITICAL,3
Fire,3,113,38,11,48,Critical,4,1,1,CRITICAL,3
Flood,0,193,62,20,70,Critical,4,1,1,CRITICAL,3
Flood,0,421,68,18,88,Medium,2,0,1,CRITICAL,3
Flood,0,36,7,1,8,High,3,1,1,CRITICAL,3
Cyclone,1,1024,150,38,218,Medium,2,0,1,CRITICAL,3
Fire,3,51,7,3,21,High,3,1,1,CRITICAL,3
Cyclone,1,629,68,22,119,Medium,2,1,1,CRITICAL,3
Fire,3,33,12,2,13,Critical,4,1,1,CRITICAL,3
Cyclone,1,87,21,6,38,Critical,4,1,1,CRITICAL,3
Fire,3,146,30,6,47,High,3,1,1,CRITICAL,3
Fire,3,31,8,2,15,Critical,4,1,1,CRITICAL,3
Fire,3,32,5,1,9,Critical,4,1,1,CRITICAL,3
Earthquake,2,599,174,62,236,Critical,4,1,1,CRITICAL,3
Landslide,4,45,14,5,8,High,3,1,1,CRITICAL,3
Cyclone,1,188,60,15,73,Critical,4,1,1,CRITICAL,3
Cyclone,1,63,17,3,18,Critical,4,1,1,CRITICAL,3
Accident,5,36,3,1,3,Low,1,0,0,HIGH,2
Flood,0,105,28,7,37,Critical,4,1,1,CRITICAL,3
Fire,3,44,2,1,5,Low,1,0,0,HIGH,2
Flood,0,514,58,22,86,Medium,2,1,1,CRITICAL,3
Flood,0,329,106,28,134,Critical,4,1,1,CRITICAL,3
Earthquake,2,77,4,2,3,Low,1,0,0,HIGH,2
Flood,0,305,56,22,86,High,3,1,1,CRITICAL,3
Flood,0,44,10,5,18,High,3,1,1,CRITICAL,3
Flood,0,256,60,22,70,High,3,1,1,CRITICAL,3
Flood,0,122,30,11,42,High,3,1,1,CRITICAL,3
Landslide,4,358,110,29,154,Critical,4,1,1,CRITICAL,3
Earthquake,2,67,14,7,16,High,3,1,1,CRITICAL,3
Accident,5,27,4,3,9,Medium,2,1,1,HIGH,2
Flood,0,138,31,14,51,Critical,4,1,1,CRITICAL,3
Flood,0,53,11,1,19,Critical,4,1,1,CRITICAL,3
Fire,3,36,10,4,16,Critical,4,1,1,CRITICAL,3
Accident,5,67,9,3,14,Medium,2,0,1,CRITICAL,3
Earthquake,2,72,16,2,24,Critical,4,1,1,CRITICAL,3
Cyclone,1,42,2,2,4,Low,1,0,1,HIGH,2
Earthquake,2,564,131,32,169,High,3,1,1,CRITICAL,3
Fire,3,88,16,4,13,Medium,2,1,1,CRITICAL,3
Other,6,4,0,1,0,Medium,2,1,1,MEDIUM,1
Fire,3,96,16,4,28,High,3,1,1,CRITICAL,3
Earthquake,2,407,122,23,172,Critical,4,1,1,CRITICAL,3
Flood,0,207,43,16,67,High,3,1,1,CRITICAL,3
Landslide,4,193,62,18,70,Critical,4,1,1,CRITICAL,3
Earthquake,2,108,12,1,8,Low,1,0,1,CRITICAL,3
Accident,5,35,5,1,3,Low,1,0,1,HIGH,2
Accident,5,29,1,1,2,Low,1,0,1,MEDIUM,1
Cyclone,1,146,51,10,57,Critical,4,1,1,CRITICAL,3
Flood,0,74,20,6,25,High,3,1,1,CRITICAL,3
Fire,3,34,7,2,9,Medium,2,1,1,CRITICAL,3
Accident,5,16,3,0,4,High,3,1,1,HIGH,2
Flood,0,217,44,15,71,High,3,1,1,CRITICAL,3
Earthquake,2,469,65,17,82,Medium,2,1,1,CRITICAL,3
Flood,0,1075,244,74,334,High,3,1,1,CRITICAL,3
Cyclone,1,134,22,7,25,Medium,2,1,1,CRITICAL,3
Cyclone,1,385,74,30,114,High,3,1,1,CRITICAL,3
Fire,3,30,9,1,11,Critical,4,1,1,CRITICAL,3
Cyclone,1,242,36,15,55,Medium,2,1,1,CRITICAL,3
Accident,5,23,1,0,2,Low,1,0,1,MEDIUM,1
Earthquake,2,177,43,10,49,High,3,1,1,CRITICAL,3
Cyclone,1,72,14,7,22,High,3,1,1,CRITICAL,3
Accident,5,4,0,0,0,Low,1,0,1,LOW,0
Flood,0,157,40,14,47,High,3,1,1,CRITICAL,3
Fire,3,102,17,3,23,Medium,2,0,1,CRITICAL,3
Landslide,4,20,9,1,7,Critical,4,1,1,CRITICAL,3
Landslide,4,83,19,4,26,High,3,1,1,CRITICAL,3
Accident,5,27,2,0,2,Low,1,0,1,MEDIUM,1
Earthquake,2,169,18,5,37,Medium,2,1,1,CRITICAL,3
Flood,0,322,87,21,92,High,3,1,1,CRITICAL,3
Cyclone,1,190,27,4,36,Medium,2,0,1,CRITICAL,3
Flood,0,131,37,12,50,Critical,4,1,1,CRITICAL,3
Cyclone,1,423,100,19,109,High,3,1,1,CRITICAL,3
Landslide,4,20,8,1,2,High,3,1,1,CRITICAL,3
Fire,3,38,8,0,21,Critical,4,1,1,CRITICAL,3
Flood,0,149,19,4,25,Medium,2,1,1,CRITICAL,3
Other,6,45,5,4,14,Medium,2,0,1,CRITICAL,3
Cyclone,1,396,127,42,155,Critical,4,1,1,CRITICAL,3
Earthquake,2,95,13,3,20,Medium,2,1,1,CRITICAL,3
Accident,5,13,1,1,7,Critical,4,1,1,CRITICAL,3
Landslide,4,14,4,0,5,High,3,1,1,HIGH,2
Other,6,13,2,1,2,High,3,1,1,HIGH,2
Flood,0,72,19,5,22,High,3,1,1,CRITICAL,3
Fire,3,61,5,0,7,Low,1,0,1,HIGH,2
Earthquake,2,333,95,29,141,Critical,4,1,1,CRITICAL,3
Cyclone,1,99,25,10,38,Critical,4,1,1,CRITICAL,3
Fire,3,37,9,0,9,High,3,1,1,CRITICAL,3
Earthquake,2,178,50,20,72,Critical,4,1,1,CRITICAL,3
Cyclone,1,84,19,8,27,High,3,1,1,CRITICAL,3
Cyclone,1,49,9,3,18,High,3,1,1,CRITICAL,3
Flood,0,120,36,8,51,Critical,4,1,1,CRITICAL,3
Earthquake,2,205,33,8,32,Medium,2,0,1,CRITICAL,3
Accident,5,10,2,0,0,Low,1,0,0,MEDIUM,1
Fire,3,92,31,9,31,Critical,4,1,1,CRITICAL,3
Flood,0,351,57,11,66,Medium,2,1,1,CRITICAL,3
Accident,5,23,0,0,3,Low,1,0,0,MEDIUM,1
Landslide,4,40,5,1,6,Medium,2,1,1,HIGH,2
Earthquake,2,310,45,13,59,Medium,2,1,1,CRITICAL,3
Other,6,44,3,2,3,Low,1,0,0,HIGH,2
Cyclone,1,401,124,27,149,Critical,4,1,1,CRITICAL,3
Flood,0,156,13,9,13,Low,1,0,1,CRITICAL,3
Flood,0,257,70,20,120,Critical,4,1,1,CRITICAL,3
Earthquake,2,173,55,12,76,Critical,4,1,1,CRITICAL,3
Fire,3,108,37,8,40,Critical,4,1,1,CRITICAL,3
Fire,3,61,8,0,10,Medium,2,0,1,CRITICAL,3
Accident,5,23,4,0,10,High,3,1,1,HIGH,2
Landslide,4,108,22,3,32,High,3,1,1,CRITICAL,3
Flood,0,77,16,3,13,Medium,2,1,1,CRITICAL,3
Landslide,4,13,2,2,1,High,3,1,1,HIGH,2
Landslide,4,92,15,3,14,Medium,2,1,1,CRITICAL,3
Fire,3,87,15,5,32,Critical,4,1,1,CRITICAL,3
Accident,5,32,7,2,3,High,3,1,1,CRITICAL,3
Cyclone,1,78,18,8,34,Critical,4,1,1,CRITICAL,3
Flood,0,56,13,2,23,High,3,1,1,CRITICAL,3
Cyclone,1,258,83,19,91,Critical,4,1,1,CRITICAL,3
Cyclone,1,1507,471,117,568,Critical,4,1,1,CRITICAL,3
Accident,5,22,5,3,6,High,3,1,1,CRITICAL,3
Landslide,4,251,53,20,71,High,3,1,1,CRITICAL,3
Fire,3,39,3,0,3,Low,1,0,1,HIGH,2
Cyclone,1,718,160,35,201,High,3,1,1,CRITICAL,3
Earthquake,2,481,40,8,42,Low,1,0,1,CRITICAL,3
Accident,5,30,2,1,5,Low,1,0,1,HIGH,2
Landslide,4,92,17,5,28,High,3,1,1,CRITICAL,3
Flood,0,28,5,1,13,High,3,1,1,CRITICAL,3
Cyclone,1,75,9,3,21,High,3,1,1,CRITICAL,3
Earthquake,2,115,18,5,24,Medium,2,1,1,CRITICAL,3
Flood,0,42,2,5,13,Medium,2,1,1,CRITICAL,3
Other,6,50,6,6,7,Medium,2,0,1,CRITICAL,3
Cyclone,1,970,65,16,91,Low,1,0,1,CRITICAL,3
Flood,0,107,22,4,27,Medium,2,0,1,CRITICAL,3
Fire,3,76,7,5,9,Medium,2,1,1,CRITICAL,3
Fire,3,72,17,5,21,High,3,1,1,CRITICAL,3
Flood,0,139,59,14,51,Critical,4,1,1,CRITICAL,3
Earthquake,2,336,62,15,106,High,3,1,1,CRITICAL,3
Fire,3,163,36,10,48,High,3,1,1,CRITICAL,3
Fire,3,43,7,2,13,High,3,1,1,CRITICAL,3
Cyclone,1,388,117,39,152,Critical,4,1,1,CRITICAL,3
Landslide,4,17,4,0,0,Medium,2,0,1,HIGH,2
Flood,0,186,62,19,85,Critical,4,1,1,CRITICAL,3
Flood,0,668,154,43,211,High,3,1,1,CRITICAL,3
Cyclone,1,254,62,16,76,High,3,1,1,CRITICAL,3
Flood,0,26,9,0,15,Critical,4,1,1,CRITICAL,3
Flood,0,293,83,21,104,Critical,4,1,1,CRITICAL,3
Accident,5,23,2,0,0,Low,1,0,0,MEDIUM,1
Landslide,4,125,9,3,14,Low,1,0,0,CRITICAL,3
Earthquake,2,265,83,22,102,Critical,4,1,1,CRITICAL,3
Fire,3,46,0,0,4,Low,1,0,1,HIGH,2
Cyclone,1,280,91,22,113,Critical,4,1,1,CRITICAL,3
Cyclone,1,95,19,7,34,Critical,4,1,1,CRITICAL,3
Fire,3,21,4,0,6,Critical,4,1,1,CRITICAL,3
Flood,0,190,53,13,71,Critical,4,1,1,CRITICAL,3
Flood,0,186,43,13,53,High,3,1,1,CRITICAL,3
Cyclone,1,165,46,10,59,Critical,4,1,1,CRITICAL,3
Earthquake,2,136,38,12,54,Critical,4,1,1,CRITICAL,3
Accident,5,52,18,5,26,Critical,4,1,1,CRITICAL,3
Flood,0,84,20,2,33,Critical,4,1,1,CRITICAL,3
Flood,0,327,111,26,132,Critical,4,1,1,CRITICAL,3
Accident,5,24,8,2,7,Medium,2,0,1,HIGH,2
Landslide,4,165,14,4,12,Low,1,0,0,CRITICAL,3
Fire,3,46,5,2,6,Low,1,0,0,HIGH,2
Fire,3,15,4,1,4,Medium,2,0,1,HIGH,2
Accident,5,91,17,3,23,High,3,1,1,CRITICAL,3
Landslide,4,22,5,0,12,High,3,1,1,CRITICAL,3
Flood,0,358,105,36,157,Critical,4,1,1,CRITICAL,3
Fire,3,19,2,2,7,High,3,1,1,HIGH,2
Earthquake,2,48,5,3,15,High,3,1,1,CRITICAL,3
Flood,0,96,2,2,12,Low,1,0,1,CRITICAL,3
Landslide,4,52,3,3,4,Low,1,0,1,HIGH,2
Flood,0,429,99,23,120,High,3,1,1,CRITICAL,3
Flood,0,48,11,3,10,Medium,2,1,1,CRITICAL,3
Other,6,31,6,2,4,Medium,2,0,1,HIGH,2
Other,6,26,5,1,3,Low,1,0,1,HIGH,2
Accident,5,34,11,1,12,Critical,4,1,1,CRITICAL,3
Accident,5,14,0,0,0,Low,1,0,1,MEDIUM,1
Cyclone,1,142,24,11,39,High,3,1,1,CRITICAL,3
Fire,3,224,45,10,71,High,3,1,1,CRITICAL,3
Other,6,2,0,0,0,Low,1,0,1,LOW,0
Landslide,4,118,7,2,15,Low,1,0,0,CRITICAL,3
Accident,5,19,3,2,2,Medium,2,1,1,HIGH,2
Flood,0,241,64,14,68,High,3,1,1,CRITICAL,3
Flood,0,452,94,26,125,High,3,1,1,CRITICAL,3
Fire,3,243,70,17,92,Critical,4,1,1,CRITICAL,3
Flood,0,1505,451,132,608,Critical,4,1,1,CRITICAL,3
Other,6,19,2,2,6,Medium,2,0,1,HIGH,2
Cyclone,1,141,43,14,54,Critical,4,1,1,CRITICAL,3
Accident,5,53,7,0,8,Low,1,0,1,HIGH,2
Accident,5,50,2,1,4,Low,1,0,0,HIGH,2
Earthquake,2,22,7,3,9,Critical,4,1,1,CRITICAL,3
Cyclone,1,633,142,43,185,High,3,1,1,CRITICAL,3
Earthquake,2,80,20,8,28,High,3,1,1,CRITICAL,3
Flood,0,243,34,7,42,Medium,2,0,1,CRITICAL,3
Landslide,4,29,7,1,5,High,3,1,1,CRITICAL,3
Landslide,4,35,5,0,1,Low,1,0,1,HIGH,2
Fire,3,26,3,0,3,Low,1,0,1,HIGH,2
Flood,0,278,91,18,105,Critical,4,1,1,CRITICAL,3
Landslide,4,107,28,9,35,High,3,1,1,CRITICAL,3
Landslide,4,50,8,1,9,Medium,2,0,1,CRITICAL,3
Flood,0,128,40,15,50,Critical,4,1,1,CRITICAL,3
Flood,0,51,7,4,8,Medium,2,0,1,CRITICAL,3
Fire,3,24,3,1,6,Medium,2,1,1,HIGH,2
Other,6,16,1,0,0,Low,1,0,1,MEDIUM,1
Fire,3,83,26,4,34,Critical,4,1,1,CRITICAL,3
Accident,5,29,11,3,10,High,3,1,1,CRITICAL,3
Flood,0,42,15,3,15,Critical,4,1,1,CRITICAL,3
Earthquake,2,539,30,9,62,Low,1,0,0,CRITICAL,3
Earthquake,2,54,18,3,17,Critical,4,1,1,CRITICAL,3
Landslide,4,105,27,7,30,High,3,1,1,CRITICAL,3
Accident,5,13,3,1,0,Low,1,0,1,MEDIUM,1
Fire,3,9,2,0,4,High,3,1,1,HIGH,2
Fire,3,38,13,1,14,Critical,4,1,1,CRITICAL,3
Flood,0,377,96,28,154,Critical,4,1,1,CRITICAL,3
Flood,0,343,79,14,97,High,3,1,1,CRITICAL,3
Flood,0,147,30,6,47,High,3,1,1,CRITICAL,3
Cyclone,1,392,113,25,175,Critical,4,1,1,CRITICAL,3
Landslide,4,124,18,7,28,Medium,2,0,1,CRITICAL,3
Landslide,4,19,4,2,11,Critical,4,1,1,CRITICAL,3
Flood,0,344,58,14,71,Medium,2,1,1,CRITICAL,3
Other,6,25,1,1,3,Low,1,0,1,MEDIUM,1
Fire,3,55,7,2,9,Medium,2,1,1,CRITICAL,3
Cyclone,1,152,22,13,31,Medium,2,0,1,CRITICAL,3
Accident,5,13,3,0,1,Low,1,0,1,MEDIUM,1
Fire,3,307,73,17,104,High,3,1,1,CRITICAL,3
Earthquake,2,1054,311,69,410,Critical,4,1,1,CRITICAL,3
Cyclone,1,638,138,41,182,High,3,1,1,CRITICAL,3
Accident,5,29,5,1,4,Medium,2,0,1,HIGH,2
Landslide,4,116,13,0,21,Medium,2,0,1,CRITICAL,3
Flood,0,26,6,2,7,High,3,1,1,CRITICAL,3
Earthquake,2,343,109,20,140,Critical,4,1,1,CRITICAL,3
Earthquake,2,291,63,18,80,High,3,1,1,CRITICAL,3
Fire,3,80,17,7,24,High,3,1,1,CRITICAL,3
Cyclone,1,405,64,22,92,Medium,2,0,1,CRITICAL,3
Accident,5,70,6,1,5,Low,1,0,0,HIGH,2
Flood,0,276,83,22,106,Critical,4,1,1,CRITICAL,3
Flood,0,268,89,25,104,Critical,4,1,1,CRITICAL,3
Fire,3,135,36,6,55,Critical,4,1,1,CRITICAL,3
Flood,0,67,15,3,20,High,3,1,1,CRITICAL,3
Other,6,19,1,1,2,Low,1,0,0,MEDIUM,1
Landslide,4,22,4,2,6,Medium,2,0,1,HIGH,2
Flood,0,437,131,36,194,Critical,4,1,1,CRITICAL,3
Accident,5,17,2,1,0,Low,1,0,1,MEDIUM,1
Landslide,4,51,7,1,6,Low,1,0,1,HIGH,2
Fire,3,162,38,10,50,High,3,1,1,CRITICAL,3
Flood,0,592,198,46,261,Critical,4,1,1,CRITICAL,3
Fire,3,189,25,7,29,Medium,2,0,1,CRITICAL,3
Fire,3,29,12,2,11,Critical,4,1,1,CRITICAL,3
Fire,3,107,15,3,21,Medium,2,1,1,CRITICAL,3
Fire,3,127,35,4,49,High,3,1,1,CRITICAL,3
Earthquake,2,853,285,60,341,Critical,4,1,1,CRITICAL,3
Landslide,4,70,22,3,24,High,3,1,1,CRITICAL,3
Fire,3,100,7,2,12,Low,1,0,1,CRITICAL,3
Flood,0,232,68,18,78,High,3,1,1,CRITICAL,3
Fire,3,304,26,8,27,Low,1,0,1,CRITICAL,3
Cyclone,1,115,22,5,45,High,3,1,1,CRITICAL,3
Fire,3,67,7,1,18,Medium,2,0,1,CRITICAL,3
Fire,3,23,2,2,3,Medium,2,0,1,HIGH,2
Accident,5,14,2,0,4,Low,1,0,0,MEDIUM,1
Earthquake,2,75,12,3,20,Medium,2,0,1,CRITICAL,3
Earthquake,2,148,29,4,28,Medium,2,1,1,CRITICAL,3
Landslide,4,182,19,10,33,Medium,2,0,1,CRITICAL,3
Cyclone,1,44,7,2,18,High,3,1,1,CRITICAL,3
Earthquake,2,443,112,31,180,Critical,4,1,1,CRITICAL,3
Earthquake,2,100,24,6,41,Critical,4,1,1,CRITICAL,3
Flood,0,157,34,9,50,High,3,1,1,CRITICAL,3
Fire,3,119,8,3,14,Low,1,0,0,CRITICAL,3
Fire,3,30,8,4,7,High,3,1,1,CRITICAL,3
Other,6,26,1,0,6,Low,1,0,1,MEDIUM,1
Flood,0,64,12,4,24,High,3,1,1,CRITICAL,3
Fire,3,65,12,1,22,High,3,1,1,CRITICAL,3
Fire,3,55,15,6,26,Critical,4,1,1,CRITICAL,3
Cyclone,1,496,153,42,199,Critical,4,1,1,CRITICAL,3
Cyclone,1,72,15,4,26,High,3,1,1,CRITICAL,3
Fire,3,26,9,0,10,Critical,4,1,1,CRITICAL,3
Cyclone,1,249,73,18,104,Critical,4,1,1,CRITICAL,3
Accident,5,8,3,0,2,Medium,2,0,1,MEDIUM,1
Fire,3,62,7,1,4,Low,1,0,1,HIGH,2
Fire,3,11,2,1,6,Critical,4,1,1,CRITICAL,3
Accident,5,60,12,6,20,High,3,1,1,CRITICAL,3
Landslide,4,28,7,2,7,High,3,1,1,CRITICAL,3
Earthquake,2,131,24,4,45,High,3,1,1,CRITICAL,3
Flood,0,407,95,27,127,High,3,1,1,CRITICAL,3
Landslide,4,70,15,5,16,Medium,2,0,1,CRITICAL,3
Landslide,4,32,11,2,13,Critical,4,1,1,CRITICAL,3
Earthquake,2,586,177,44,225,Critical,4,1,1,CRITICAL,3
Fire,3,101,30,8,44,Critical,4,1,1,CRITICAL,3
Cyclone,1,490,113,33,136,High,3,1,1,CRITICAL,3
Fire,3,21,4,2,5,High,3,1,1,HIGH,2
Earthquake,2,1027,334,80,401,Critical,4,1,1,CRITICAL,3
Earthquake,2,622,172,54,225,Critical,4,1,1,CRITICAL,3
Flood,0,45,8,0,13,Medium,2,1,1,CRITICAL,3
Accident,5,48,3,1,5,Low,1,0,1,HIGH,2
Earthquake,2,823,226,61,304,Critical,4,1,1,CRITICAL,3
Earthquake,2,539,129,25,143,High,3,1,1,CRITICAL,3
Landslide,4,217,45,6,59,High,3,1,1,CRITICAL,3
Earthquake,2,62,7,0,9,Medium,2,0,1,CRITICAL,3
Flood,0,129,26,6,39,High,3,1,1,CRITICAL,3
Fire,3,32,3,0,5,Low,1,0,1,HIGH,2
Earthquake,2,297,56,19,91,High,3,1,1,CRITICAL,3
Flood,0,277,80,20,116,Critical,4,1,1,CRITICAL,3
Cyclone,1,324,111,25,124,Critical,4,1,1,CRITICAL,3
Accident,5,15,1,0,2,Low,1,0,0,MEDIUM,1
Accident,5,73,7,0,4,Low,1,0,0,HIGH,2
Fire,3,36,10,6,9,Critical,4,1,1,CRITICAL,3
Landslide,4,284,22,4,38,Low,1,0,1,CRITICAL,3
Other,6,60,4,2,4,Low,1,0,1,HIGH,2
Cyclone,1,408,76,22,122,High,3,1,1,CRITICAL,3
Accident,5,115,11,1,9,Low,1,0,1,CRITICAL,3
Fire,3,49,13,1,13,High,3,1,1,CRITICAL,3
Earthquake,2,134,40,8,54,Critical,4,1,1,CRITICAL,3
Earthquake,2,363,58,15,76,Medium,2,1,1,CRITICAL,3
Earthquake,2,221,49,17,90,Critical,4,1,1,CRITICAL,3
Cyclone,1,119,31,12,34,High,3,1,1,CRITICAL,3
Earthquake,2,773,227,61,320,Critical,4,1,1,CRITICAL,3
Other,6,28,1,0,4,Low,1,0,1,MEDIUM,1
Earthquake,2,273,84,19,110,Critical,4,1,1,CRITICAL,3
Flood,0,59,18,3,24,Critical,4,1,1,CRITICAL,3
Flood,0,618,188,40,249,Critical,4,1,1,CRITICAL,3
Earthquake,2,32,5,2,8,Medium,2,0,1,HIGH,2
Earthquake,2,97,20,6,31,High,3,1,1,CRITICAL,3
Cyclone,1,17,0,0,2,Low,1,0,1,MEDIUM,1
Fire,3,17,3,0,5,Medium,2,0,1,HIGH,2
Accident,5,175,9,3,18,Low,1,0,0,CRITICAL,3
Flood,0,354,122,25,148,Critical,4,1,1,CRITICAL,3
Other,6,9,0,0,1,Low,1,0,0,LOW,0
Fire,3,159,36,12,49,High,3,1,1,CRITICAL,3
Earthquake,2,216,35,9,49,Medium,2,1,1,CRITICAL,3
Landslide,4,52,9,1,15,High,3,1,1,CRITICAL,3
Landslide,4,478,43,9,53,Low,1,0,1,CRITICAL,3
Fire,3,44,10,3,10,High,3,1,1,CRITICAL,3
Flood,0,422,79,18,124,High,3,1,1,CRITICAL,3
Cyclone,1,64,7,4,4,Low,1,0,0,CRITICAL,3
Flood,0,427,37,8,41,Low,1,0,0,CRITICAL,3
Fire,3,11,0,1,3,Medium,2,0,1,HIGH,2
Fire,3,99,7,1,8,Low,1,0,1,CRITICAL,3
Other,6,93,24,11,30,High,3,1,1,CRITICAL,3
Landslide,4,354,47,18,73,Medium,2,1,1,CRITICAL,3
Fire,3,72,16,4,21,High,3,1,1,CRITICAL,3
Accident,5,19,3,2,9,High,3,1,1,CRITICAL,3
Earthquake,2,83,18,4,24,High,3,1,1,CRITICAL,3
Fire,3,52,16,4,18,High,3,1,1,CRITICAL,3
Earthquake,2,109,18,5,21,Medium,2,0,1,CRITICAL,3
Flood,0,395,75,21,114,High,3,1,1,CRITICAL,3
Earthquake,2,87,27,10,32,Critical,4,1,1,CRITICAL,3
Fire,3,26,4,1,11,Medium,2,0,1,HIGH,2
Fire,3,86,18,4,27,High,3,1,1,CRITICAL,3
Flood,0,377,68,16,70,Medium,2,0,1,CRITICAL,3
Earthquake,2,245,37,12,52,Medium,2,1,1,CRITICAL,3
Fire,3,19,3,1,5,High,3,1,1,HIGH,2
Flood,0,224,51,14,77,High,3,1,1,CRITICAL,3
Fire,3,23,3,2,8,High,3,1,1,CRITICAL,3
Other,6,37,1,2,7,Low,1,0,1,HIGH,2
Flood,0,172,57,15,67,Critical,4,1,1,CRITICAL,3
Flood,0,306,24,3,19,Low,1,0,1,CRITICAL,3
Landslide,4,9,0,0,4,Medium,2,0,1,MEDIUM,1
Cyclone,1,105,26,9,35,High,3,1,1,CRITICAL,3
Earthquake,2,76,10,3,19,Medium,2,0,1,CRITICAL,3
Cyclone,1,255,46,9,52,Medium,2,0,1,CRITICAL,3
Fire,3,46,9,1,8,Medium,2,0,1,CRITICAL,3
Other,6,17,1,0,1,Low,1,0,0,MEDIUM,1
Flood,0,123,42,7,47,Critical,4,1,1,CRITICAL,3
Flood,0,300,62,16,89,High,3,1,1,CRITICAL,3
Earthquake,2,95,33,11,39,Critical,4,1,1,CRITICAL,3
Landslide,4,35,4,1,15,High,3,1,1,CRITICAL,3
Flood,0,384,76,28,117,High,3,1,1,CRITICAL,3
Earthquake,2,86,26,5,31,High,3,1,1,CRITICAL,3
Fire,3,24,4,1,7,High,3,1,1,CRITICAL,3
Fire,3,291,74,19,89,High,3,1,1,CRITICAL,3
Cyclone,1,92,30,8,36,Critical,4,1,1,CRITICAL,3
Flood,0,118,20,9,30,High,3,1,1,CRITICAL,3
Other,6,17,1,0,5,Medium,2,0,1,HIGH,2
Accident,5,58,7,2,13,Medium,2,0,1,CRITICAL,3
Cyclone,1,624,189,51,264,Critical,4,1,1,CRITICAL,3
Earthquake,2,549,43,11,58,Low,1,0,0,CRITICAL,3
Cyclone,1,148,38,8,41,High,3,1,1,CRITICAL,3
Fire,3,51,10,4,10,Medium,2,0,1,CRITICAL,3
Flood,0,540,33,12,50,Low,1,0,1,CRITICAL,3
Earthquake,2,229,53,6,77,High,3,1,1,CRITICAL,3
Cyclone,1,255,51,17,73,High,3,1,1,CRITICAL,3
Fire,3,240,40,13,36,Medium,2,0,1,CRITICAL,3
Earthquake,2,955,69,17,89,Low,1,0,0,CRITICAL,3
Landslide,4,63,17,7,27,Critical,4,1,1,CRITICAL,3
Landslide,4,236,24,6,16,Low,1,0,0,CRITICAL,3
Cyclone,1,70,23,9,27,Critical,4,1,1,CRITICAL,3
Fire,3,62,7,1,8,Medium,2,1,1,CRITICAL,3
Landslide,4,27,5,0,10,High,3,1,1,CRITICAL,3
Accident,5,8,0,0,1,Low,1,0,0,LOW,0
Fire,3,71,3,0,5,Low,1,0,1,HIGH,2
Landslide,4,41,2,1,3,Low,1,0,1,HIGH,2
Cyclone,1,295,61,9,53,Medium,2,1,1,CRITICAL,3
Earthquake,2,337,74,19,108,High,3,1,1,CRITICAL,3
Earthquake,2,354,68,29,101,High,3,1,1,CRITICAL,3
Accident,5,5,2,0,3,Medium,2,0,1,MEDIUM,1
Accident,5,30,4,2,2,Low,1,0,0,HIGH,2
Flood,0,179,37,7,57,High,3,1,1,CRITICAL,3
Fire,3,186,40,9,72,High,3,1,1,CRITICAL,3
Flood,0,239,67,18,71,High,3,1,1,CRITICAL,3
Landslide,4,218,52,6,66,High,3,1,1,CRITICAL,3
Flood,0,299,65,14,93,High,3,1,1,CRITICAL,3
Flood,0,358,58,10,63,Medium,2,0,1,CRITICAL,3
Accident,5,30,3,0,2,Low,1,0,1,MEDIUM,1
Fire,3,92,24,3,22,High,3,1,1,CRITICAL,3
Landslide,4,147,26,6,29,Medium,2,0,1,CRITICAL,3
Fire,3,197,52,11,71,High,3,1,1,CRITICAL,3
Flood,0,85,9,0,2,Low,1,0,1,CRITICAL,3
Other,6,49,8,5,15,High,3,1,1,CRITICAL,3
Cyclone,1,118,10,0,21,Low,1,0,0,CRITICAL,3
Fire,3,23,12,0,9,Critical,4,1,1,CRITICAL,3
Landslide,4,53,21,7,16,Critical,4,1,1,CRITICAL,3
Flood,0,1119,218,65,350,High,3,1,1,CRITICAL,3
Earthquake,2,167,36,13,51,High,3,1,1,CRITICAL,3
Flood,0,124,6,4,11,Low,1,0,1,CRITICAL,3
Fire,3,433,62,21,80,Medium,2,0,1,CRITICAL,3
Flood,0,619,193,40,246,Critical,4,1,1,CRITICAL,3
Cyclone,1,44,9,4,10,High,3,1,1,CRITICAL,3
Flood,0,777,175,48,225,High,3,1,1,CRITICAL,3
Accident,5,13,1,0,3,Low,1,0,0,MEDIUM,1
Earthquake,2,278,61,15,79,High,3,1,1,CRITICAL,3
Landslide,4,15,7,2,7,High,3,1,1,CRITICAL,3
Fire,3,216,48,10,73,High,3,1,1,CRITICAL,3
Landslide,4,221,55,15,55,High,3,1,1,CRITICAL,3
Accident,5,71,18,4,20,High,3,1,1,CRITICAL,3
Other,6,50,10,4,6,Medium,2,0,1,CRITICAL,3
Earthquake,2,245,84,26,95,Critical,4,1,1,CRITICAL,3
Fire,3,67,6,3,8,Low,1,0,1,CRITICAL,3
Other,6,72,12,1,13,Medium,2,0,1,CRITICAL,3
Fire,3,276,40,11,56,Medium,2,0,1,CRITICAL,3
Other,6,68,18,6,21,High,3,1,1,CRITICAL,3
Cyclone,1,173,27,13,47,Medium,2,0,1,CRITICAL,3
Fire,3,81,30,2,37,Critical,4,1,1,CRITICAL,3
Fire,3,88,25,7,38,Critical,4,1,1,CRITICAL,3
Flood,0,218,51,10,59,High,3,1,1,CRITICAL,3
Accident,5,3,0,1,0,Low,1,0,1,MEDIUM,1
Earthquake,2,28,1,0,4,Low,1,0,1,HIGH,2
Flood,0,99,34,10,46,Critical,4,1,1,CRITICAL,3
Cyclone,1,300,60,24,107,High,3,1,1,CRITICAL,3
Flood,0,68,13,2,16,High,3,1,1,CRITICAL,3
Earthquake,2,17,3,2,10,Critical,4,1,1,CRITICAL,3
Flood,0,346,102,29,139,Critical,4,1,1,CRITICAL,3
Flood,0,139,26,8,52,High,3,1,1,CRITICAL,3
Flood,0,249,32,10,57,Medium,2,0,1,CRITICAL,3
Accident,5,5,1,0,2,Medium,2,1,1,MEDIUM,1
Fire,3,70,12,3,13,Medium,2,1,1,CRITICAL,3
Landslide,4,25,7,3,6,High,3,1,1,CRITICAL,3
Accident,5,16,2,0,4,Low,1,0,1,MEDIUM,1
Cyclone,1,64,23,4,20,High,3,1,1,CRITICAL,3
Fire,3,300,46,12,60,Medium,2,0,1,CRITICAL,3
Flood,0,134,29,7,41,High,3,1,1,CRITICAL,3
Landslide,4,138,28,7,44,High,3,1,1,CRITICAL,3
Flood,0,25,9,3,9,High,3,1,1,CRITICAL,3
Cyclone,1,73,22,6,29,Critical,4,1,1,CRITICAL,3
Earthquake,2,257,23,4,29,Low,1,0,1,CRITICAL,3
Cyclone,1,59,11,3,19,High,3,1,1,CRITICAL,3
Cyclone,1,305,94,25,116,Critical,4,1,1,CRITICAL,3
Landslide,4,123,32,8,50,Critical,4,1,1,CRITICAL,3
Earthquake,2,831,189,50,244,High,3,1,1,CRITICAL,3
Fire,3,16,1,0,2,Low,1,0,1,MEDIUM,1
Fire,3,118,16,6,27,Medium,2,0,1,CRITICAL,3
Fire,3,178,43,9,41,High,3,1,1,CRITICAL,3
Fire,3,45,8,3,8,Medium,2,1,1,CRITICAL,3
Flood,0,497,35,7,55,Low,1,0,1,CRITICAL,3
Flood,0,72,25,10,25,Critical,4,1,1,CRITICAL,3
Flood,0,27,7,2,13,Critical,4,1,1,CRITICAL,3
Flood,0,261,17,4,31,Low,1,0,1,CRITICAL,3
Earthquake,2,334,57,14,78,Medium,2,0,1,CRITICAL,3
Flood,0,145,35,10,29,High,3,1,1,CRITICAL,3
Other,6,70,12,3,22,Medium,2,1,1,CRITICAL,3
Accident,5,8,0,1,0,Low,1,0,1,MEDIUM,1
Flood,0,16,5,0,2,Medium,2,0,1,HIGH,2
Cyclone,1,32,11,0,12,Critical,4,1,1,CRITICAL,3
Accident,5,27,5,2,7,Medium,2,0,1,HIGH,2
Flood,0,139,39,12,62,Critical,4,1,1,CRITICAL,3
Cyclone,1,436,28,3,44,Low,1,0,1,CRITICAL,3
Earthquake,2,121,29,9,40,High,3,1,1,CRITICAL,3
Earthquake,2,465,37,17,41,Low,1,0,1,CRITICAL,3
Cyclone,1,439,104,33,148,High,3,1,1,CRITICAL,3
Flood,0,40,7,3,11,High,3,1,1,CRITICAL,3
Cyclone,1,91,27,3,32,Critical,4,1,1,CRITICAL,3
Fire,3,188,35,18,59,High,3,1,1,CRITICAL,3
Earthquake,2,102,26,7,39,Critical,4,1,1,CRITICAL,3
Flood,0,98,21,9,31,High,3,1,1,CRITICAL,3
Earthquake,2,220,36,6,44,Medium,2,1,1,CRITICAL,3
Flood,0,122,5,2,18,Low,1,0,1,CRITICAL,3
Cyclone,1,1587,223,72,333,Medium,2,0,1,CRITICAL,3
Cyclone,1,494,101,33,137,High,3,1,1,CRITICAL,3
Flood,0,124,5,3,11,Low,1,0,1,CRITICAL,3
Fire,3,80,10,4,12,Medium,2,1,1,CRITICAL,3
Flood,0,29,9,0,8,High,3,1,1,CRITICAL,3
Earthquake,2,109,32,13,45,Critical,4,1,1,CRITICAL,3
Cyclone,1,250,31,14,51,Medium,2,0,1,CRITICAL,3
Cyclone,1,115,30,5,29,High,3,1,1,CRITICAL,3
Earthquake,2,187,34,11,60,High,3,1,1,CRITICAL,3
Cyclone,1,244,74,11,91,Critical,4,1,1,CRITICAL,3
Earthquake,2,560,131,35,152,High,3,1,1,CRITICAL,3
Cyclone,1,1539,231,54,295,Medium,2,0,1,CRITICAL,3
Landslide,4,147,42,12,33,High,3,1,1,CRITICAL,3
Cyclone,1,283,20,12,20,Low,1,0,1,CRITICAL,3
Landslide,4,101,6,3,13,Low,1,0,1,CRITICAL,3
Flood,0,307,31,8,26,Low,1,0,1,CRITICAL,3
Earthquake,2,252,71,15,108,Critical,4,1,1,CRITICAL,3
Accident,5,20,6,3,5,High,3,1,1,CRITICAL,3
Accident,5,31,7,1,5,Medium,2,1,1,HIGH,2
Flood,0,49,17,2,18,Critical,4,1,1,CRITICAL,3
Accident,5,16,2,0,2,Medium,2,0,1,MEDIUM,1
Earthquake,2,209,43,9,48,High,3,1,1,CRITICAL,3
Cyclone,1,101,17,10,28,High,3,1,1,CRITICAL,3
Cyclone,1,177,34,13,47,High,3,1,1,CRITICAL,3
Accident,5,10,0,0,3,Medium,2,0,1,MEDIUM,1
Flood,0,108,14,10,32,High,3,1,1,CRITICAL,3
Earthquake,2,33,6,2,12,High,3,1,1,CRITICAL,3
Flood,0,259,52,12,74,High,3,1,1,CRITICAL,3
Fire,3,55,9,4,14,Medium,2,0,1,CRITICAL,3
Landslide,4,116,10,2,11,Low,1,0,0,CRITICAL,3
Earthquake,2,419,128,35,158,Critical,4,1,1,CRITICAL,3
Flood,0,975,224,67,272,High,3,1,1,CRITICAL,3
Fire,3,34,7,1,12,High,3,1,1,CRITICAL,3
Landslide,4,120,5,3,6,Low,1,0,1,CRITICAL,3
Landslide,4,57,16,3,20,High,3,1,1,CRITICAL,3
Fire,3,226,47,13,80,High,3,1,1,CRITICAL,3
Accident,5,62,14,1,16,High,3,1,1,CRITICAL,3
Earthquake,2,263,48,6,49,Medium,2,1,1,CRITICAL,3
Accident,5,183,24,9,36,Medium,2,1,1,CRITICAL,3
Landslide,4,43,1,0,1,Low,1,0,1,MEDIUM,1
Other,6,14,1,0,4,Medium,2,1,1,HIGH,2
Flood,0,278,83,32,102,Critical,4,1,1,CRITICAL,3
Cyclone,1,171,21,5,24,Medium,2,0,1,CRITICAL,3
Flood,0,134,50,10,68,Critical,4,1,1,CRITICAL,3
Fire,3,141,12,3,13,Low,1,0,1,CRITICAL,3
Landslide,4,29,1,0,7,Medium,2,1,1,HIGH,2
Earthquake,2,409,60,23,76,Medium,2,0,1,CRITICAL,3
Other,6,32,3,2,3,Medium,2,1,1,HIGH,2
Landslide,4,47,9,2,16,High,3,1,1,CRITICAL,3
Other,6,53,6,2,6,Low,1,0,1,HIGH,2
Fire,3,54,22,5,20,Critical,4,1,1,CRITICAL,3
Landslide,4,54,15,6,27,Critical,4,1,1,CRITICAL,3
Accident,5,35,6,0,7,Medium,2,1,1,HIGH,2
Cyclone,1,355,23,7,36,Low,1,0,1,CRITICAL,3
Cyclone,1,441,137,39,166,Critical,4,1,1,CRITICAL,3
Earthquake,2,69,10,4,14,Medium,2,1,1,CRITICAL,3
Accident,5,13,4,0,3,High,3,1,1,HIGH,2
Earthquake,2,581,45,11,56,Low,1,0,0,CRITICAL,3
Flood,0,208,14,3,20,Low,1,0,1,CRITICAL,3
Other,6,52,11,3,20,High,3,1,1,CRITICAL,3
Landslide,4,34,8,0,11,High,3,1,1,CRITICAL,3
Flood,0,59,17,6,17,High,3,1,1,CRITICAL,3
Earthquake,2,215,50,13,67,High,3,1,1,CRITICAL,3
Landslide,4,77,5,1,4,Low,1,0,1,HIGH,2
Cyclone,1,660,202,57,268,Critical,4,1,1,CRITICAL,3
Flood,0,30,5,3,11,Critical,4,1,1,CRITICAL,3
Accident,5,6,1,1,4,Critical,4,1,1,CRITICAL,3
Flood,0,1254,185,55,255,Medium,2,1,1,CRITICAL,3
Cyclone,1,383,90,21,128,High,3,1,1,CRITICAL,3
Earthquake,2,225,77,26,101,Critical,4,1,1,CRITICAL,3
Earthquake,2,1026,314,80,440,Critical,4,1,1,CRITICAL,3
Accident,5,38,6,3,5,Medium,2,1,1,CRITICAL,3
Other,6,63,14,4,22,High,3,1,1,CRITICAL,3
Earthquake,2,352,48,13,66,Medium,2,1,1,CRITICAL,3
Earthquake,2,26,5,2,3,Low,1,0,1,HIGH,2
Earthquake,2,406,118,29,150,Critical,4,1,1,CRITICAL,3
Flood,0,199,44,9,58,High,3,1,1,CRITICAL,3
Earthquake,2,1314,393,91,539,Critical,4,1,1,CRITICAL,3
Fire,3,100,19,2,18,Medium,2,1,1,CRITICAL,3
Fire,3,144,35,15,49,High,3,1,1,CRITICAL,3
Earthquake,2,67,24,3,31,Critical,4,1,1,CRITICAL,3
Flood,0,533,121,27,160,High,3,1,1,CRITICAL,3
Flood,0,362,76,16,102,High,3,1,1,CRITICAL,3
Accident,5,9,5,1,4,High,3,1,1,HIGH,2
Earthquake,2,111,9,1,11,Low,1,0,1,CRITICAL,3
Accident,5,37,4,1,7,Medium,2,0,1,HIGH,2
Flood,0,229,54,8,63,High,3,1,1,CRITICAL,3
Accident,5,50,4,1,8,Medium,2,0,1,HIGH,2
Flood,0,65,21,0,24,Critical,4,1,1,CRITICAL,3
Accident,5,12,4,0,4,Medium,2,1,1,HIGH,2
Accident,5,103,18,6,33,High,3,1,1,CRITICAL,3
Earthquake,2,238,42,13,42,Medium,2,0,1,CRITICAL,3
Cyclone,1,217,33,7,45,Medium,2,0,1,CRITICAL,3
Accident,5,8,2,0,1,Low,1,0,1,MEDIUM,1
Flood,0,242,55,13,70,High,3,1,1,CRITICAL,3
Earthquake,2,160,41,14,65,Critical,4,1,1,CRITICAL,3
Flood,0,304,91,20,118,Critical,4,1,1,CRITICAL,3
Cyclone,1,535,37,11,47,Low,1,0,1,CRITICAL,3
Landslide,4,47,13,4,15,High,3,1,1,CRITICAL,3
Earthquake,2,117,14,5,32,Medium,2,0,1,CRITICAL,3
Other,6,6,0,0,2,Low,1,0,1,MEDIUM,1
Landslide,4,39,7,4,8,Medium,2,1,1,CRITICAL,3
Flood,0,282,85,19,114,Critical,4,1,1,CRITICAL,3
Cyclone,1,78,24,5,26,Critical,4,1,1,CRITICAL,3
Flood,0,112,23,8,30,High,3,1,1,CRITICAL,3
Landslide,4,126,41,11,48,Critical,4,1,1,CRITICAL,3
Cyclone,1,37,7,1,16,Critical,4,1,1,CRITICAL,3
Other,6,29,4,2,4,Medium,2,0,1,HIGH,2
Cyclone,1,124,5,3,17,Low,1,0,1,CRITICAL,3
Accident,5,59,12,4,23,High,3,1,1,CRITICAL,3
Earthquake,2,22,6,1,6,High,3,1,1,CRITICAL,3
Landslide,4,29,7,1,8,High,3,1,1,CRITICAL,3
Fire,3,169,42,6,46,High,3,1,1,CRITICAL,3
Accident,5,9,1,0,4,Medium,2,0,1,MEDIUM,1
Accident,5,18,2,2,2,Medium,2,1,1,HIGH,2
Earthquake,2,1669,392,90,482,High,3,1,1,CRITICAL,3
Cyclone,1,1088,246,79,315,High,3,1,1,CRITICAL,3
Landslide,4,161,37,7,43,High,3,1,1,CRITICAL,3
Fire,3,22,7,3,6,High,3,1,1,CRITICAL,3
Flood,0,166,39,5,55,High,3,1,1,CRITICAL,3
Cyclone,1,218,69,14,88,Critical,4,1,1,CRITICAL,3
Landslide,4,28,2,1,9,Medium,2,1,1,HIGH,2
Fire,3,32,8,0,9,Medium,2,0,1,HIGH,2
Fire,3,91,14,6,25,Medium,2,0,1,CRITICAL,3
Cyclone,1,316,74,25,91,High,3,1,1,CRITICAL,3
Fire,3,51,20,8,17,Critical,4,1,1,CRITICAL,3
Flood,0,39,7,0,11,High,3,1,1,CRITICAL,3
Fire,3,199,13,3,23,Low,1,0,0,CRITICAL,3
Fire,3,70,11,3,16,Medium,2,0,1,CRITICAL,3
Fire,3,194,25,9,31,Medium,2,0,1,CRITICAL,3
Landslide,4,137,30,7,39,High,3,1,1,CRITICAL,3
Fire,3,28,3,0,9,High,3,1,1,CRITICAL,3
Landslide,4,42,8,2,10,Medium,2,0,1,CRITICAL,3
Cyclone,1,168,42,8,54,High,3,1,1,CRITICAL,3
Landslide,4,150,21,3,27,Medium,2,0,1,CRITICAL,3
Earthquake,2,105,24,9,32,High,3,1,1,CRITICAL,3
Flood,0,153,36,6,52,High,3,1,1,CRITICAL,3
Landslide,4,22,2,1,3,Medium,2,0,1,HIGH,2
Cyclone,1,286,81,19,125,Critical,4,1,1,CRITICAL,3
Fire,3,289,41,13,64,Medium,2,0,1,CRITICAL,3
Flood,0,104,30,11,41,Critical,4,1,1,CRITICAL,3
Flood,0,96,19,3,35,High,3,1,1,CRITICAL,3
Fire,3,34,5,1,8,High,3,1,1,CRITICAL,3
Flood,0,211,32,4,43,Medium,2,1,1,CRITICAL,3
Flood,0,63,6,0,10,Low,1,0,1,CRITICAL,3
Earthquake,2,420,92,26,126,High,3,1,1,CRITICAL,3
Fire,3,20,7,0,6,High,3,1,1,CRITICAL,3
Flood,0,136,21,4,24,Medium,2,0,1,CRITICAL,3
Fire,3,63,7,4,15,Medium,2,1,1,CRITICAL,3
Cyclone,1,51,15,4,15,Critical,4,1,1,CRITICAL,3
Other,6,56,9,3,6,Medium,2,0,1,CRITICAL,3
Accident,5,7,1,0,2,Medium,2,1,1,MEDIUM,1
Flood,0,145,30,14,45,High,3,1,1,CRITICAL,3
Other,6,53,5,1,4,Low,1,0,0,HIGH,2
Accident,5,29,1,0,4,Low,1,0,0,MEDIUM,1
Earthquake,2,379,127,31,146,Critical,4,1,1,CRITICAL,3
Other,6,66,5,1,8,Low,1,0,0,HIGH,2
Flood,0,109,29,5,35,Critical,4,1,1,CRITICAL,3
Cyclone,1,134,32,13,49,Critical,4,1,1,CRITICAL,3
Flood,0,478,70,18,89,Medium,2,1,1,CRITICAL,3
Landslide,4,15,1,1,2,Medium,2,1,1,HIGH,2
Flood,0,237,15,2,18,Low,1,0,1,CRITICAL,3
Flood,0,727,163,35,235,High,3,1,1,CRITICAL,3
Flood,0,217,52,11,68,High,3,1,1,CRITICAL,3
Cyclone,1,53,14,1,10,High,3,1,1,CRITICAL,3
Landslide,4,53,9,2,17,High,3,1,1,CRITICAL,3
Accident,5,23,3,0,1,Low,1,0,0,MEDIUM,1
Cyclone,1,534,115,35,173,High,3,1,1,CRITICAL,3
Flood,0,272,51,18,72,High,3,1,1,CRITICAL,3
Flood,0,105,20,4,18,Medium,2,0,1,CRITICAL,3
Cyclone,1,220,73,20,86,Critical,4,1,1,CRITICAL,3
Cyclone,1,111,18,7,54,Critical,4,1,1,CRITICAL,3
Earthquake,2,991,314,74,415,Critical,4,1,1,CRITICAL,3
Earthquake,2,266,45,12,90,High,3,1,1,CRITICAL,3
Flood,0,73,27,3,27,Critical,4,1,1,CRITICAL,3
Accident,5,12,4,0,3,High,3,1,1,HIGH,2
Earthquake,2,31,4,0,9,High,3,1,1,CRITICAL,3
Fire,3,146,11,4,13,Low,1,0,0,CRITICAL,3
Fire,3,106,20,6,27,High,3,1,1,CRITICAL,3
Earthquake,2,1016,302,80,406,Critical,4,1,1,CRITICAL,3
Earthquake,2,616,105,24,128,Medium,2,1,1,CRITICAL,3
Fire,3,173,15,2,18,Low,1,0,0,CRITICAL,3
Fire,3,56,19,3,22,Critical,4,1,1,CRITICAL,3
Earthquake,2,202,17,4,24,Low,1,0,1,CRITICAL,3
Flood,0,45,17,1,13,High,3,1,1,CRITICAL,3
Fire,3,27,5,0,2,Medium,2,0,1,HIGH,2
Accident,5,29,3,0,7,Medium,2,1,1,HIGH,2
Fire,3,140,30,6,56,High,3,1,1,CRITICAL,3
Other,6,48,2,0,4,Low,1,0,1,HIGH,2
Flood,0,152,44,9,61,Critical,4,1,1,CRITICAL,3
Flood,0,42,9,2,15,High,3,1,1,CRITICAL,3
Earthquake,2,135,28,11,35,High,3,1,1,CRITICAL,3
Flood,0,123,21,3,12,Medium,2,0,1,CRITICAL,3
Flood,0,113,22,3,22,Medium,2,1,1,CRITICAL,3
Accident,5,13,1,0,4,Medium,2,0,1,MEDIUM,1
Flood,0,633,140,28,176,High,3,1,1,CRITICAL,3
Earthquake,2,247,29,4,58,Medium,2,0,1,CRITICAL,3
Landslide,4,34,14,4,12,Critical,4,1,1,CRITICAL,3
Landslide,4,71,8,4,17,Medium,2,0,1,CRITICAL,3
Earthquake,2,323,79,23,99,High,3,1,1,CRITICAL,3
Flood,0,129,32,5,40,High,3,1,1,CRITICAL,3
Fire,3,23,5,3,9,Medium,2,1,1,CRITICAL,3
Flood,0,101,30,4,43,Critical,4,1,1,CRITICAL,3
Landslide,4,66,23,9,29,Critical,4,1,1,CRITICAL,3
Accident,5,58,3,1,6,Low,1,0,1,HIGH,2
Cyclone,1,164,32,14,47,High,3,1,1,CRITICAL,3
Landslide,4,65,20,9,23,Critical,4,1,1,CRITICAL,3
Earthquake,2,960,285,86,353,Critical,4,1,1,CRITICAL,3
Accident,5,48,3,1,4,Low,1,0,1,HIGH,2
Flood,0,170,57,13,59,Critical,4,1,1,CRITICAL,3
Fire,3,29,1,0,5,Low,1,0,0,MEDIUM,1
Fire,3,19,4,1,2,Medium,2,1,1,HIGH,2
Cyclone,1,347,106,28,139,Critical,4,1,1,CRITICAL,3
Flood,0,202,16,2,19,Low,1,0,1,CRITICAL,3
Earthquake,2,1226,386,122,524,Critical,4,1,1,CRITICAL,3
Landslide,4,104,15,9,25,Medium,2,1,1,CRITICAL,3
Accident,5,42,4,1,9,Medium,2,1,1,HIGH,2
Fire,3,41,5,2,11,Medium,2,1,1,CRITICAL,3
Landslide,4,180,42,10,62,High,3,1,1,CRITICAL,3
Flood,0,315,100,21,143,Critical,4,1,1,CRITICAL,3
Fire,3,38,12,3,17,Critical,4,1,1,CRITICAL,3
Flood,0,60,19,5,24,Critical,4,1,1,CRITICAL,3
Earthquake,2,162,15,3,18,Low,1,0,1,CRITICAL,3
Fire,3,29,6,0,6,Medium,2,1,1,HIGH,2
Flood,0,201,48,16,84,Critical,4,1,1,CRITICAL,3
Cyclone,1,101,28,7,29,High,3,1,1,CRITICAL,3
Landslide,4,35,3,1,7,Medium,2,1,1,HIGH,2
Flood,0,95,26,3,37,High,3,1,1,CRITICAL,3
Accident,5,70,8,2,11,Medium,2,0,1,CRITICAL,3
Cyclone,1,976,147,46,207,Medium,2,0,1,CRITICAL,3
Fire,3,22,9,0,6,High,3,1,1,CRITICAL,3
Other,6,27,1,1,3,Low,1,0,0,MEDIUM,1
Accident,5,30,2,0,8,Medium,2,1,1,HIGH,2
Flood,0,121,17,6,22,Medium,2,0,1,CRITICAL,3
Flood,0,145,20,8,29,Medium,2,0,1,CRITICAL,3
Earthquake,2,77,20,2,31,High,3,1,1,CRITICAL,3
Landslide,4,72,11,1,17,High,3,1,1,CRITICAL,3
Earthquake,2,76,16,5,22,High,3,1,1,CRITICAL,3
Flood,0,40,13,3,13,High,3,1,1,CRITICAL,3
Flood,0,146,17,6,31,Medium,2,1,1,CRITICAL,3
Fire,3,8,2,1,3,High,3,1,1,HIGH,2
Accident,5,15,1,0,4,Low,1,0,1,MEDIUM,1
Flood,0,64,9,5,15,Medium,2,0,1,CRITICAL,3
Accident,5,10,1,0,1,Medium,2,1,1,MEDIUM,1
